slno,order_receipt_date,so_delivery_date,mktg_specialistsmanagers,type_of_order,product_,qty,opp_id,ion_number,work_order_number,ion_meeting__date_planned,ion_meeting__date_actual,ion_meeting_delay_days,bom_updated_along_with_drawings_planned_,bom_updated_along_with_drawings_actual,bom_delay_days,wo_release_date_planned,wo_release_date_actual,wo_release_delay_days,mrf_raised_planned,mrf_raised_actual,mrf_raised_delay_days,indent_raised_planned,indent_raised_actual,indent_raised_delay_days,purchase_end_date_planned,purchase_end_date_actual,purchase_delay_days,production_planned_date_planned,production_planned_date_actual,production_planned_delay_days,qa_clearance__planned,qa_clearance__actual,qa_clearance_delay_days,product_dispatch_date_planned,product_dispatch_date_actual,product_dispatch_delay_days,pdi_date_at_factory_planned,pdi_date_at_factory_actual,delivery_date_planned,delivery_date_actual,onsite_pdi_date_planned,onsite_pdi_date_actual,installation_date_planned,installation_date_actual,payment_received_planned,payment_received_actual,status,year,source_filename,rowuniqueid
1,03/28/2022,NULL,Baljeet,Sale/D,ShootEdge,100,3913,ION 2223 001,WO/2022-2023/008,03/29/2022,03/29/2022,0.0,31-03-2022_DATE_VALUE_AS_DOUBLE_VALUE_FOR_XLSX,04/05/2022,4.0,01-04-2022_DATE_VALUE_AS_DOUBLE_VALUE_FOR_XLSX,11/15/2022,195.0,02-04-2022_DATE_VALUE_AS_DOUBLE_VALUE_FOR_XLSX,04/08/2022,5.0,04-04-2022_DATE_VALUE_AS_DOUBLE_VALUE_FOR_XLSX,04/08/2022,4.0,19-05-2022_DATE_VALUE_AS_DOUBLE_VALUE_FOR_XLSX,12/30/2022,193.0,04/29/2022,10/20/2022,149.0,10/22/2022,10/23/2022,0.0,23-10-2022_DATE_VALUE_AS_DOUBLE_VALUE_FOR_XLSX,10/23/2022,-1.0,NULL,NULL,27.06.2022,23.10.2022,N/A,N/A,N/A,N/A,12/15/2022,01/05/2023,Dispatched,2022-2023,Order to Dispatch_Final - 31 Dec-24_normalized1.xlsx,122
2,08/03/2022,NULL,Ranjit,Sale/D,TacSim - 100 Harness Set,1,2154,ION 2223 007,WO/2022-2023/106,08/04/2022,08/04/2022,0.0,06-08-2022_DATE_VALUE_AS_DOUBLE_VALUE_FOR_XLSX,11/11/2022,83.0,07-08-2022_DATE_VALUE_AS_DOUBLE_VALUE_FOR_XLSX,11/15/2022,85.0,08-08-2022_DATE_VALUE_AS_DOUBLE_VALUE_FOR_XLSX,08/23/2022,13.0,08/10/2022,08/23/2022,11.0,24-09-2022_DATE_VALUE_AS_DOUBLE_VALUE_FOR_XLSX,01/04/2023,87.0,09/13/2022,12/14/2022,79.0,12/16/2022,12/17/2022,1.0,17-12-2022_DATE_VALUE_AS_DOUBLE_VALUE_FOR_XLSX,12/18/2022,0.0,NULL,NULL,15.12.2022,17.12.2022, 18-12-2022,12/19/2022,12/27/2022,01/10/2023,02/01/2023,01/06/2023,Dispatched,2022-2023,Order to Dispatch_Final - 31 Dec-24_normalized1.xlsx,123
3,09/16/2022,NULL,Jigyasu,Sale/E,Awesim (WIRELESS) - 4 Lane (Bhutan),1,4717, ION 2223 008,WO/2022-2023/110,09/17/2022,09/17/2022,0.0,19-09-2022_DATE_VALUE_AS_DOUBLE_VALUE_FOR_XLSX,11/11/2022,46.0,20-09-2022_DATE_VALUE_AS_DOUBLE_VALUE_FOR_XLSX,11/15/2022,48.0,21-09-2022_DATE_VALUE_AS_DOUBLE_VALUE_FOR_XLSX,10/06/2022,13.0,09/22/2022,10/06/2022,12.0,06-11-2022_DATE_VALUE_AS_DOUBLE_VALUE_FOR_XLSX,01/10/2023,55.0,10/27/2022,09/24/2022,-30.0,09/26/2022,09/27/2022,1.0,27-09-2022_DATE_VALUE_AS_DOUBLE_VALUE_FOR_XLSX,09/28/2022,1.0,NULL,NULL,04.10.2022,29.09.2022,09/30/2022,31-09-2022,10/04/2022,10/11/2022,12/27/2022,01/25/2023,Dispatched,2022-2023,Order to Dispatch_Final - 31 Dec-24_normalized1.xlsx,124
5,11/24/2022,01/23/2023,BalaKrishna,Sale/D,AweSim 4 Lane (CofMow),1,4176,ION 2223 020,WO/2022-2023/119,11/04/2022,11/04/2022,0.0,06-11-2022_DATE_VALUE_AS_DOUBLE_VALUE_FOR_XLSX,11/11/2022,4.0,07-11-2022_DATE_VALUE_AS_DOUBLE_VALUE_FOR_XLSX,11/15/2022,7.0,08-11-2022_DATE_VALUE_AS_DOUBLE_VALUE_FOR_XLSX,11/22/2022,12.0,11/10/2022,11/22/2022,10.0,25-12-2022_DATE_VALUE_AS_DOUBLE_VALUE_FOR_XLSX,01/28/2023,29.0,02/13/2023,02/02/2023,-11.0,02/03/2023,02/17/2023,12.0,04-02-2023_DATE_VALUE_AS_DOUBLE_VALUE_FOR_XLSX,04/12/2023,57.0,NULL,NULL,23 Mar'23,NULL,NULL,NULL,NULL,NULL,NULL,NULL,Dispatched,2023-2024,Order to Dispatch_Final - 31 Dec-24_normalized1.xlsx,125
4,10/31/2022,02/28/2023,Baljeet,Sale/D,ShootEdge,9,4239,  ION 2223 009 ,WO/2022-2023/126,11/01/2022,11/01/2022,0.0,03-11-2022_DATE_VALUE_AS_DOUBLE_VALUE_FOR_XLSX,12/05/2022,27.0,04-11-2022_DATE_VALUE_AS_DOUBLE_VALUE_FOR_XLSX,12/05/2022,26.0,05-11-2022_DATE_VALUE_AS_DOUBLE_VALUE_FOR_XLSX,12/13/2022,32.0,11/07/2022,12/13/2022,31.0,01/13/2023,02/20/2023,32.0,02/28/2023,03/12/2023,10.0,03/13/2023,03/13/2023,0.0,14-03-2023_DATE_VALUE_AS_DOUBLE_VALUE_FOR_XLSX,03/13/2023,-3.0,NA,NA,     28 Feb'23,     28 Feb'23,NA,NA,NA,NA,14 Apr'23,31 Mar'23,Dispatched,2022-2023,Order to Dispatch_Final - 31 Dec-24_normalized1.xlsx,126
9,11/24/2022,04/21/2023,Apoorva,Sale/E,ShootEdge (Dubai),5,4902,ION�2223�011�,WO/2022-2023/129,11/24/2022,11/24/2022,0.0,26-11-2022_DATE_VALUE_AS_DOUBLE_VALUE_FOR_XLSX,12/07/2022,9.0,27-11-2022_DATE_VALUE_AS_DOUBLE_VALUE_FOR_XLSX,12/20/2022,19.0,28-11-2022_DATE_VALUE_AS_DOUBLE_VALUE_FOR_XLSX,12/22/2022,21.0,11/30/2022,12/22/2022,19.0,01/22/2023,03/24/2023,52.0,03/26/2023,03/27/2023,0.0,03/27/2023,03/28/2023,1.0,28-03-2023_DATE_VALUE_AS_DOUBLE_VALUE_FOR_XLSX,03/29/2023,1.0,NULL,NULL,04/21/2023,NULL,NULL,NULL,NULL,NULL,NULL,NULL,Dispatched,2022-2023,Order to Dispatch_Final - 31 Dec-24_normalized1.xlsx,127
6,11/11/2022,06/08/2023,Apoorva,Sale/E,AWeSim 6 lane (Mauritius),1,4725,N/A,WO/2022-2023/131,11/11/2022,11/11/2022,0.0,13-11-2022_DATE_VALUE_AS_DOUBLE_VALUE_FOR_XLSX,12/07/2022,20.0,14-11-2022_DATE_VALUE_AS_DOUBLE_VALUE_FOR_XLSX,12/09/2022,22.0,15-11-2022_DATE_VALUE_AS_DOUBLE_VALUE_FOR_XLSX,12/15/2022,26.0,11/17/2022,12/15/2022,24.0,01/15/2023,02/03/2023,16.0,01/19/2023,01/30/2023,9.0,02/01/2023,02/11/2023,9.0,02-02-2023_DATE_VALUE_AS_DOUBLE_VALUE_FOR_XLSX,02/16/2023,12.0,NULL,NULL,08 Jun'23,NULL,NULL,NULL,NULL,NULL,NULL,NULL,Dispatched,2022-2023,Order to Dispatch_Final - 31 Dec-24_normalized1.xlsx,128
7,11/11/2022,06/08/2023,Apoorva,Sale/E,CTSR (Mauritius),1,4725,N/A,WO/2022-2023/131,11/11/2022,11/11/2022,0.0,13-11-2022_DATE_VALUE_AS_DOUBLE_VALUE_FOR_XLSX,12/07/2022,20.0,14-11-2022_DATE_VALUE_AS_DOUBLE_VALUE_FOR_XLSX,12/09/2022,22.0,15-11-2022_DATE_VALUE_AS_DOUBLE_VALUE_FOR_XLSX,12/15/2022,26.0,11/17/2022,12/15/2022,24.0,01/19/2023,02/03/2023,13.0,03/10/2023,NULL,NULL,03/12/2023,07/12/2023,104.0,13-03-2023_DATE_VALUE_AS_DOUBLE_VALUE_FOR_XLSX,07/13/2023,105.0,NULL,NULL,08 Jun'23,NULL,NULL,NULL,NULL,NULL,NULL,NULL,Dispatched,2023-2024,Order to Dispatch_Final - 31 Dec-24_normalized1.xlsx,129
8,01/07/2023,03/07/2023,BalaKrishna,Sale/D,CTSR (Odissa),1,3492,ION�2223�021�,WO/2022-2023/132,01/09/2023,01/12/2023,3.0,11-01-2023_DATE_VALUE_AS_DOUBLE_VALUE_FOR_XLSX,12/12/2022,-28.0,12-01-2023_DATE_VALUE_AS_DOUBLE_VALUE_FOR_XLSX,11/15/2022,-52.0,13-01-2023_DATE_VALUE_AS_DOUBLE_VALUE_FOR_XLSX,12/19/2022,-24.0,01/16/2023,12/19/2022,-26.0,02/20/2023,03/05/2023,11.0,02/28/2023,03/07/2023,6.0,03/08/2023,03/14/2023,5.0,09-03-2023_DATE_VALUE_AS_DOUBLE_VALUE_FOR_XLSX,03/15/2023,5.0,NULL,NULL,07 Mar'23,17 Mar'23,NULL,NULL,17 Mar'23,NULL,02 May'23,01 Apr'23,Dispatched,2022-2023,Order to Dispatch_Final - 31 Dec-24_normalized1.xlsx,130
11,03/01/2023,05/31/2023,Ranjith,V,CTSR,2,3456,ION�2223�P014,WO/2022-2023/133,03/02/2023,03/02/2023,0.0,04-03-2023_DATE_VALUE_AS_DOUBLE_VALUE_FOR_XLSX,12/12/2022,-73.0,05-03-2023_DATE_VALUE_AS_DOUBLE_VALUE_FOR_XLSX,12/14/2022,-71.0,06-03-2023_DATE_VALUE_AS_DOUBLE_VALUE_FOR_XLSX,12/16/2022,-70.0,03/09/2023,12/19/2022,-71.0,06/30/2023,07/27/2023,23.0,07/27/2023,08/23/2023,23.0,07/29/2023,08/25/2023,23.0,30-07-2023_DATE_VALUE_AS_DOUBLE_VALUE_FOR_XLSX,08/26/2023,23.0,08/22/2023,NULL,NULL,NULL,NULL,NULL,NULL,NULL,NULL,NULL,Dispatched,2023-2024,Order to Dispatch_Final - 31 Dec-24_normalized1.xlsx,131
13,02/21/2023,05/21/2023,Ranjith,Sale/D,STS 8 Lane (Madras Reg),1,4333,ION�2223�013,WO/2022-2023/142,02/22/2023,02/23/2023,1.0,24-02-2023_DATE_VALUE_AS_DOUBLE_VALUE_FOR_XLSX,03/01/2023,4.0,25-02-2023_DATE_VALUE_AS_DOUBLE_VALUE_FOR_XLSX,03/01/2023,3.0,26-02-2023_DATE_VALUE_AS_DOUBLE_VALUE_FOR_XLSX,03/11/2023,11.0,02/28/2023,03/11/2023,10.0,03/25/2023,03/30/2023,4.0,03/29/2023,03/30/2023,1.0,03/31/2023,04/01/2023,1.0,01-04-2023_DATE_VALUE_AS_DOUBLE_VALUE_FOR_XLSX,04/01/2023,0.0,NULL,NULL,05/21/2023,04/01/2023,NULL,NULL,NULL,NULL,04/01/2023,03/31/2023,Dispatched,2023-2024,Order to Dispatch_Final - 31 Dec-24_normalized1.xlsx,132
12,01/31/2023,05/31/2023,Jigyasu,Sale/D,TacSim - 35 Harness,1,2880,ION�2223�014,WO/2022-2023/143,02/01/2023,02/09/2023,7.0,03-02-2023_DATE_VALUE_AS_DOUBLE_VALUE_FOR_XLSX,03/03/2023,24.0,04-02-2023_DATE_VALUE_AS_DOUBLE_VALUE_FOR_XLSX,03/03/2023,23.0,05-02-2023_DATE_VALUE_AS_DOUBLE_VALUE_FOR_XLSX,03/06/2023,24.0,02/07/2023,03/07/2023,24.0,04/28/2023,06/23/2023,48.0,05/22/2023,06/23/2023,28.0,05/26/2023,06/29/2023,29.0,27-05-2023_DATE_VALUE_AS_DOUBLE_VALUE_FOR_XLSX,06/30/2023,29.0,NULL,NULL,05/31/2023,06/30/2023,NULL,07/09/2023,NULL,07/12/2023,08/05/2023,NULL,Dispatched,2023-2024,Order to Dispatch_Final - 31 Dec-24_normalized1.xlsx,133
10,03/01/2023,04/30/2023,Ranjith,Sale/D,AweSim 4 Lane (Lucknow) ,2,4603,ION 2223 015,WO/2022-2023/144,03/02/2023,03/02/2023,0.0,04-03-2023_DATE_VALUE_AS_DOUBLE_VALUE_FOR_XLSX,03/04/2023,0.0,05-03-2023_DATE_VALUE_AS_DOUBLE_VALUE_FOR_XLSX,03/04/2023,-2.0,06-03-2023_DATE_VALUE_AS_DOUBLE_VALUE_FOR_XLSX,03/06/2023,0.0,03/09/2023,03/08/2023,-3.0,03/20/2023,03/21/2023,1.0,03/30/2023,03/28/2023,-4.0,03/29/2023,03/29/2023,0.0,30-03-2023_DATE_VALUE_AS_DOUBLE_VALUE_FOR_XLSX,03/30/2023,0.0,NULL,NULL,30-4-23,30-4-23,NULL,NULL,NULL,NULL,NULL,NULL,Dispatched,2022-2023,Order to Dispatch_Final - 31 Dec-24_normalized1.xlsx,134
11,02/24/2023,03/23/2023,Ranjith,Sale/D,DATS (Projection),1,4875,ION�2223�P015,WO/2022-2023/149,02/25/2023,02/23/2023,-4.0,27-02-2023_DATE_VALUE_AS_DOUBLE_VALUE_FOR_XLSX,03/21/2023,19.0,28-02-2023_DATE_VALUE_AS_DOUBLE_VALUE_FOR_XLSX,03/21/2023,18.0,01-03-2023_DATE_VALUE_AS_DOUBLE_VALUE_FOR_XLSX,03/24/2023,20.0,03/03/2023,03/25/2023,19.0,04/26/2023,05/12/2023,14.0,05/01/2023,05/22/2023,18.0,05/05/2023,05/24/2023,16.0,06-05-2023_DATE_VALUE_AS_DOUBLE_VALUE_FOR_XLSX,05/25/2023,16.0,NULL,NULL,05/25/2023,05/25/2023,NULL,NULL,NULL,NULL,NULL,NULL,Dispatched,2023-2024,Order to Dispatch_Final - 31 Dec-24_normalized1.xlsx,135
12,02/24/2023,03/23/2023,Ranjith,Sale/D,DATS,1,4875,ION�2223�P015,WO/2022-2023/149,02/25/2023,02/23/2023,-4.0,27-02-2023_DATE_VALUE_AS_DOUBLE_VALUE_FOR_XLSX,03/16/2023,15.0,28-02-2023_DATE_VALUE_AS_DOUBLE_VALUE_FOR_XLSX,03/21/2023,18.0,01-03-2023_DATE_VALUE_AS_DOUBLE_VALUE_FOR_XLSX,NULL,NULL,NULL,NULL,NULL,NULL,NULL,NULL,03/22/2023,03/22/2023,0.0,03/23/2023,03/24/2023,1.0,24-03-2023_DATE_VALUE_AS_DOUBLE_VALUE_FOR_XLSX,03/24/2023,0.0,NULL,NULL,23 Mar'23,24 Mar'23,NULL,NULL,NULL,NULL,29 Mar'23,29 Mar'23,Dispatched,2022-2023,Order to Dispatch_Final - 31 Dec-24_normalized1.xlsx,136
13,10/11/2023,02/27/2025,Baljeet,Sale/D,AweSim 8 Lane (J&K) ,2,3972,ION�2223�017,WO/2022-2023/150,03/17/2023,03/20/2023,2.0,19-03-2023_DATE_VALUE_AS_DOUBLE_VALUE_FOR_XLSX,03/21/2023,1.0,20-03-2023_DATE_VALUE_AS_DOUBLE_VALUE_FOR_XLSX,03/21/2023,1.0,21-03-2023_DATE_VALUE_AS_DOUBLE_VALUE_FOR_XLSX,03/27/2023,5.0,03/29/2023,03/29/2023,0.0,05/12/2023,NULL,NULL,06/15/2023,NULL,NULL,06/19/2023,NULL,NULL,20-06-2023_DATE_VALUE_AS_DOUBLE_VALUE_FOR_XLSX,NULL,NULL,NULL,NULL,03/31/2023,NULL,NULL,NULL,NULL,NULL,NULL,NULL,Not Dispatched,NULL,Order to Dispatch_Final - 31 Dec-24_normalized1.xlsx,137
14,10/11/2023,02/27/2025,Baljeet,Recoil Kits,"Rifle 7.62 x 39 mm, AK-47",4,3972,ION�2223�017,WO/2022-2023/150,03/17/2023,03/20/2023,2.0,19-03-2023_DATE_VALUE_AS_DOUBLE_VALUE_FOR_XLSX,03/21/2023,1,20-03-2023_DATE_VALUE_AS_DOUBLE_VALUE_FOR_XLSX,03/21/2023,1.0,21-03-2023_DATE_VALUE_AS_DOUBLE_VALUE_FOR_XLSX,NULL,NULL,03/29/2023,NULL,NULL,05/12/2023,NULL,NULL,06/15/2023,NULL,NULL,06/19/2023,NULL,NULL,20-06-2023_DATE_VALUE_AS_DOUBLE_VALUE_FOR_XLSX,NULL,NULL,NULL,NULL,NULL,NULL,NULL,NULL,NULL,NULL,NULL,NULL,Not Dispatched,NULL,Order to Dispatch_Final - 31 Dec-24_normalized1.xlsx,138
15,10/11/2023,02/27/2025,Baljeet,Recoil Kits,Carbine Machine 9 mm,4,3972,ION�2223�017,WO/2022-2023/150,03/17/2023,03/20/2023,2.0,19-03-2023_DATE_VALUE_AS_DOUBLE_VALUE_FOR_XLSX,03/21/2023,1,20-03-2023_DATE_VALUE_AS_DOUBLE_VALUE_FOR_XLSX,03/21/2023,1.0,21-03-2023_DATE_VALUE_AS_DOUBLE_VALUE_FOR_XLSX,NULL,NULL,03/29/2023,NULL,NULL,05/12/2023,NULL,NULL,06/15/2023,NULL,NULL,06/19/2023,NULL,NULL,20-06-2023_DATE_VALUE_AS_DOUBLE_VALUE_FOR_XLSX,NULL,NULL,NULL,NULL,NULL,NULL,NULL,NULL,NULL,NULL,NULL,NULL,Not Dispatched,NULL,Order to Dispatch_Final - 31 Dec-24_normalized1.xlsx,139
16,10/11/2023,02/27/2025,Baljeet,Recoil Kits,Rifle 5.56 mrn INSAS,4,3972,ION�2223�017,WO/2022-2023/150,03/17/2023,03/20/2023,2.0,19-03-2023_DATE_VALUE_AS_DOUBLE_VALUE_FOR_XLSX,03/21/2023,1,20-03-2023_DATE_VALUE_AS_DOUBLE_VALUE_FOR_XLSX,03/21/2023,1.0,21-03-2023_DATE_VALUE_AS_DOUBLE_VALUE_FOR_XLSX,NULL,NULL,03/29/2023,NULL,NULL,05/12/2023,NULL,NULL,06/15/2023,NULL,NULL,06/19/2023,NULL,NULL,20-06-2023_DATE_VALUE_AS_DOUBLE_VALUE_FOR_XLSX,NULL,NULL,NULL,NULL,NULL,NULL,NULL,NULL,NULL,NULL,NULL,NULL,Not Dispatched,NULL,Order to Dispatch_Final - 31 Dec-24_normalized1.xlsx,140
17,10/11/2023,02/27/2025,Baljeet,Recoil Kits,Pistol Glock- 19,4,3972,ION�2223�017,WO/2022-2023/150,03/17/2023,03/20/2023,2.0,19-03-2023_DATE_VALUE_AS_DOUBLE_VALUE_FOR_XLSX,03/21/2023,1,20-03-2023_DATE_VALUE_AS_DOUBLE_VALUE_FOR_XLSX,03/21/2023,1.0,21-03-2023_DATE_VALUE_AS_DOUBLE_VALUE_FOR_XLSX,NULL,NULL,03/29/2023,NULL,NULL,05/12/2023,NULL,NULL,06/15/2023,NULL,NULL,06/19/2023,NULL,NULL,20-06-2023_DATE_VALUE_AS_DOUBLE_VALUE_FOR_XLSX,NULL,NULL,NULL,NULL,NULL,NULL,NULL,NULL,NULL,NULL,NULL,NULL,Not Dispatched,NULL,Order to Dispatch_Final - 31 Dec-24_normalized1.xlsx,141
18,10/11/2023,02/27/2025,Baljeet,Recoil Kits,"Rifle 5.56 x 45mm, X-95 TAVOR",4,3972,ION�2223�017,WO/2022-2023/150,03/17/2023,03/20/2023,2.0,19-03-2023_DATE_VALUE_AS_DOUBLE_VALUE_FOR_XLSX,12/04/2024,1,20-03-2023_DATE_VALUE_AS_DOUBLE_VALUE_FOR_XLSX,12/04/2024,536.0,21-03-2023_DATE_VALUE_AS_DOUBLE_VALUE_FOR_XLSX,NULL,NULL,03/29/2023,NULL,NULL,05/12/2023,NULL,NULL,06/15/2023,NULL,NULL,06/19/2023,NULL,NULL,20-06-2023_DATE_VALUE_AS_DOUBLE_VALUE_FOR_XLSX,NULL,NULL,NULL,NULL,NULL,NULL,NULL,NULL,NULL,NULL,NULL,NULL,Not Dispatched,NULL,Order to Dispatch_Final - 31 Dec-24_normalized1.xlsx,142
19,10/11/2023,02/27/2025,Baljeet,Recoil Kits,Rifle Sniper (SSG-69) 7.62 x 5 I mm,4,3972,ION�2223�017,WO/2022-2023/150,03/17/2023,03/20/2023,2.0,19-03-2023_DATE_VALUE_AS_DOUBLE_VALUE_FOR_XLSX,12/04/2024,1,20-03-2023_DATE_VALUE_AS_DOUBLE_VALUE_FOR_XLSX,12/04/2024,536.0,21-03-2023_DATE_VALUE_AS_DOUBLE_VALUE_FOR_XLSX,NULL,NULL,03/29/2023,NULL,NULL,05/12/2023,NULL,NULL,06/15/2023,NULL,NULL,06/19/2023,NULL,NULL,20-06-2023_DATE_VALUE_AS_DOUBLE_VALUE_FOR_XLSX,NULL,NULL,NULL,NULL,NULL,NULL,NULL,NULL,NULL,NULL,NULL,NULL,Not Dispatched,NULL,Order to Dispatch_Final - 31 Dec-24_normalized1.xlsx,143
20,10/11/2023,02/27/2025,Baljeet,Recoil Kits,Rifle 7.62 mm IAI SLR,4,3972,ION�2223�017,WO/2022-2023/150,03/17/2023,03/20/2023,2.0,19-03-2023_DATE_VALUE_AS_DOUBLE_VALUE_FOR_XLSX,12/04/2024,1,20-03-2023_DATE_VALUE_AS_DOUBLE_VALUE_FOR_XLSX,12/04/2024,536.0,21-03-2023_DATE_VALUE_AS_DOUBLE_VALUE_FOR_XLSX,NULL,NULL,03/29/2023,NULL,NULL,05/12/2023,NULL,NULL,06/15/2023,NULL,NULL,06/19/2023,NULL,NULL,20-06-2023_DATE_VALUE_AS_DOUBLE_VALUE_FOR_XLSX,NULL,NULL,NULL,NULL,NULL,NULL,NULL,NULL,NULL,NULL,NULL,NULL,Not Dispatched,NULL,Order to Dispatch_Final - 31 Dec-24_normalized1.xlsx,144
21,10/11/2023,02/27/2025,Baljeet,Recoil Kits,MP-5 A3,4,3972,ION�2223�017,WO/2022-2023/150,03/17/2023,03/20/2023,2.0,19-03-2023_DATE_VALUE_AS_DOUBLE_VALUE_FOR_XLSX,12/04/2024,1,20-03-2023_DATE_VALUE_AS_DOUBLE_VALUE_FOR_XLSX,12/04/2024,536.0,21-03-2023_DATE_VALUE_AS_DOUBLE_VALUE_FOR_XLSX,NULL,NULL,03/29/2023,NULL,NULL,05/12/2023,NULL,NULL,05/15/2023,NULL,NULL,06/19/2023,NULL,NULL,20-06-2023_DATE_VALUE_AS_DOUBLE_VALUE_FOR_XLSX,NULL,NULL,NULL,NULL,NULL,NULL,NULL,NULL,NULL,NULL,NULL,NULL,Not Dispatched,NULL,Order to Dispatch_Final - 31 Dec-24_normalized1.xlsx,145
22,03/14/2023,05/13/2023,Jigyasu,Sale/D,Shoot Edge,10,4701,ION�2223�018�,WO/2022-2023/151,03/15/2023,03/15/2023,0.0,17-03-2023_DATE_VALUE_AS_DOUBLE_VALUE_FOR_XLSX,03/27/2023,8.0,18-03-2023_DATE_VALUE_AS_DOUBLE_VALUE_FOR_XLSX,03/27/2023,7.0,19-03-2023_DATE_VALUE_AS_DOUBLE_VALUE_FOR_XLSX,04/06/2023,15.0,03/23/2023,04/10/2023,15.0,06/13/2023,07/22/2023,34.0,06/27/2023,08/09/2023,37.0,06/28/2023,08/10/2023,37.0,29-06-2023_DATE_VALUE_AS_DOUBLE_VALUE_FOR_XLSX,08/12/2023,38.0,NULL,NULL,NULL,NULL,NULL,NULL,NULL,NULL,NULL,NULL,Dispatched,2023-2024,Order to Dispatch_Final - 31 Dec-24_normalized1.xlsx,146
23,03/14/2023,05/13/2023,Jigyasu,Sale/D,Shoot Edge,20,4702,ION�2223�019,WO/2022-2023/153,03/15/2023,03/15/2023,0.0,17-03-2023_DATE_VALUE_AS_DOUBLE_VALUE_FOR_XLSX,03/27/2023,8.0,18-03-2023_DATE_VALUE_AS_DOUBLE_VALUE_FOR_XLSX,03/28/2023,8.0,19-03-2023_DATE_VALUE_AS_DOUBLE_VALUE_FOR_XLSX,03/31/2023,10.0,03/23/2023,04/02/2023,8.0,06/13/2023,07/22/2023,34.0,06/27/2023,08/10/2023,38.0,06/29/2023,08/12/2023,38.0,30-06-2023_DATE_VALUE_AS_DOUBLE_VALUE_FOR_XLSX,08/12/2023,37.0,NULL,NULL,NULL,NULL,NULL,NULL,NULL,NULL,NULL,NULL,Dispatched,2023-2024,Order to Dispatch_Final - 31 Dec-24_normalized1.xlsx,147
63,01/25/2024,04/09/2024,Ranjith,Sale/D,TZSTS (2 Lancer),1,5231,ION 2425 POO1,WO/2024-2025/003,01/29/2024,01/29/2024,0.0,01/31/2024,04/02/2024,53.0,01-02-2024_DATE_VALUE_AS_DOUBLE_VALUE_FOR_XLSX,04/04/2024,54.0,02-02-2024_DATE_VALUE_AS_DOUBLE_VALUE_FOR_XLSX,N/A,NULL,04-02-2024_DATE_VALUE_AS_DOUBLE_VALUE_FOR_XLSX,N/A,NULL,12/27/2024,---,NULL,12/27/2024,NULL,NULL,30-12-2024_DATE_VALUE_AS_DOUBLE_VALUE_FOR_XLSX,NULL,NULL,31-12-2024_DATE_VALUE_AS_DOUBLE_VALUE_FOR_XLSX,NULL,NULL,NULL,NULL,NULL,NULL,NULL,NULL,NULL,NULL,NULL,NULL,Not Dispatched,NULL,Order to Dispatch_Final - 31 Dec-24_normalized1.xlsx,187
24,03/23/2023,03/23/2024,Col. Jayaram,EP,TacSim,36,5018,ION�2324�001,WO/2023-2024/001,03/27/2023,03/29/2023,2.0,29-03-2023_DATE_VALUE_AS_DOUBLE_VALUE_FOR_XLSX,04/01/2023,3.0,30-03-2023_DATE_VALUE_AS_DOUBLE_VALUE_FOR_XLSX,04/03/2023,3.0,31-03-2023_DATE_VALUE_AS_DOUBLE_VALUE_FOR_XLSX,04/08/2023,7.0,02-04-2023_DATE_VALUE_AS_DOUBLE_VALUE_FOR_XLSX,04/08/2023,5.0,06/30/2023,08/30/2023,52.0,07/28/2023,09/15/2023,42.0,07/30/2023,09/20/2023,44.0,31-07-2023_DATE_VALUE_AS_DOUBLE_VALUE_FOR_XLSX,09/20/2023,44.0,NULL,NULL,NULL,NULL,NULL,NULL,NULL,NULL,NULL,NULL,Dispatched,2023-2024,Order to Dispatch_Final - 31 Dec-24_normalized1.xlsx,148
25,02/13/2023,06/20/2023,Ranjith,Sale/D,STS & HE36,1,4487,ION�2324�003,WO/2023-2024/008,04/21/2023,04/21/2023,0.0,23-04-2023_DATE_VALUE_AS_DOUBLE_VALUE_FOR_XLSX,04/24/2023,0.0,24-04-2023_DATE_VALUE_AS_DOUBLE_VALUE_FOR_XLSX,04/24/2023,0.0,25-04-2023_DATE_VALUE_AS_DOUBLE_VALUE_FOR_XLSX,04/25/2023,0.0,27-04-2023_DATE_VALUE_AS_DOUBLE_VALUE_FOR_XLSX,04/25/2023,-4.0,06/20/2023,08/19/2023,52.0,07/01/2023,09/11/2023,61.0,07/03/2023,09/16/2023,65.0,04-07-2023_DATE_VALUE_AS_DOUBLE_VALUE_FOR_XLSX,09/16/2023,64.0,NULL,NULL,NULL,NULL,NULL,NULL,NULL,NULL,NULL,NULL,Dispatched,NULL,Order to Dispatch_Final - 31 Dec-24_normalized1.xlsx,149
26,05/15/2023,07/15/2023,Ranjith,Sale/D,AWeSim 10Lane,1,4840,ION�2324�005,WO/2023-2024/017,05/17/2023,05/17/2023,0.0,19-05-2023_DATE_VALUE_AS_DOUBLE_VALUE_FOR_XLSX,05/19/2023,0.0,20-05-2023_DATE_VALUE_AS_DOUBLE_VALUE_FOR_XLSX,05/19/2023,-3.0,21-05-2023_DATE_VALUE_AS_DOUBLE_VALUE_FOR_XLSX,05/25/2023,3.0,23-05-2023_DATE_VALUE_AS_DOUBLE_VALUE_FOR_XLSX,05/25/2023,2.0,06/30/2023,07/22/2023,19.0,07/06/2023,07/29/2023,20.0,07/08/2023,08/05/2023,24.0,09-07-2023_DATE_VALUE_AS_DOUBLE_VALUE_FOR_XLSX,08/06/2023,23.0,NULL,NULL,NULL,NULL,NULL,NULL,NULL,NULL,NULL,NULL,Dispatched,NULL,Order to Dispatch_Final - 31 Dec-24_normalized1.xlsx,150
27,06/07/2023,06/06/2024,Mgmt,EP,CWTS,142,5078,ION 2324 006,WO/2023-2024/027,06/12/2023,06/12/2023,0.0,14-06-2023_DATE_VALUE_AS_DOUBLE_VALUE_FOR_XLSX,06/23/2023,8.0,15-06-2023_DATE_VALUE_AS_DOUBLE_VALUE_FOR_XLSX,06/30/2023,13.0,16-06-2023_DATE_VALUE_AS_DOUBLE_VALUE_FOR_XLSX,06/30/2023,12.0,18-06-2023_DATE_VALUE_AS_DOUBLE_VALUE_FOR_XLSX,07/01/2023,11.0,08/15/2024,12/28/2024,116.0,07/15/2024,06/13/2024,-29.0,07/18/2023,07/07/2024,304.0,19-07-2023_DATE_VALUE_AS_DOUBLE_VALUE_FOR_XLSX,07/08/2024,304.0,NULL,NULL,NULL,NULL,NULL,NULL,NULL,NULL,NULL,NULL,Dispatched,NULL,Order to Dispatch_Final - 31 Dec-24_normalized1.xlsx,151
28,06/02/2023,08/31/2023,Jigyasu,Sale/D,CTSR (25 Raj Rif),1,4972,ION�2324�007,WO/2023-2024/029,06/05/2023,06/05/2023,0.0,07-06-2023_DATE_VALUE_AS_DOUBLE_VALUE_FOR_XLSX,07/03/2023,22.0,08-06-2023_DATE_VALUE_AS_DOUBLE_VALUE_FOR_XLSX,07/03/2023,21.0,09-06-2023_DATE_VALUE_AS_DOUBLE_VALUE_FOR_XLSX,07/11/2023,27.0,11-06-2023_DATE_VALUE_AS_DOUBLE_VALUE_FOR_XLSX,07/13/2023,27.0,10/12/2023,12/10/2023,50.0,11/09/2023,12/15/2023,31.0,12-11-2023_DATE_VALUE_AS_DOUBLE_VALUE_FOR_XLSX,12/15/2023,28.0,13-11-2023_DATE_VALUE_AS_DOUBLE_VALUE_FOR_XLSX,02/18/2024,83.0,NULL,NULL,NULL,NULL,NULL,NULL,NULL,NULL,NULL,NULL,Dispatched,NULL,Order to Dispatch_Final - 31 Dec-24_normalized1.xlsx,152
29,06/12/2023,09/11/2023,Sairam,Sale/D,TacSim - 30 Harness,1,3617,ION�2324�008,WO/2023-2024/030,06/13/2023,06/13/2023,0.0,15-06-2023_DATE_VALUE_AS_DOUBLE_VALUE_FOR_XLSX,06/27/2023,10.0,16-06-2023_DATE_VALUE_AS_DOUBLE_VALUE_FOR_XLSX,06/30/2023,12.0,17-06-2023_DATE_VALUE_AS_DOUBLE_VALUE_FOR_XLSX,07/01/2023,12.0,19-06-2023_DATE_VALUE_AS_DOUBLE_VALUE_FOR_XLSX,07/01/2023,11.0,10-15-2023,11/29/2023,NULL,11/14/2023,12/02/2023,16.0,17-11-2023_DATE_VALUE_AS_DOUBLE_VALUE_FOR_XLSX,12/02/2023,13.0,18-11-2023_DATE_VALUE_AS_DOUBLE_VALUE_FOR_XLSX,12/03/2023,12.0,NULL,NULL,NULL,NULL,NULL,NULL,NULL,NULL,NULL,NULL,Dispatched,NULL,Order to Dispatch_Final - 31 Dec-24_normalized1.xlsx,153
30,07/22/2023,09/09/2023,Sairam,Sale/D,STS 10Lane( 20 Rajput),1,4167,ION 2324 007,WO/2023-2024/41,07/24/2023,07/28/2023,4.0,26-07-2023_DATE_VALUE_AS_DOUBLE_VALUE_FOR_XLSX,08/12/2023,15.0,27-07-2023_DATE_VALUE_AS_DOUBLE_VALUE_FOR_XLSX,08/13/2023,14.0,28-07-2023_DATE_VALUE_AS_DOUBLE_VALUE_FOR_XLSX,08/17/2023,17.0,30-07-2023_DATE_VALUE_AS_DOUBLE_VALUE_FOR_XLSX,08/19/2023,17.0,11/20/2023,01/13/2024,47.0,12/15/2023,01/21/2024,31.0,18-12-2023_DATE_VALUE_AS_DOUBLE_VALUE_FOR_XLSX,01/22/2024,30.0,19-12-2023_DATE_VALUE_AS_DOUBLE_VALUE_FOR_XLSX,01/23/2024,30.0,NULL,NULL,NULL,NULL,NULL,NULL,NULL,NULL,NULL,NULL,Dispatched,NULL,Order to Dispatch_Final - 31 Dec-24_normalized1.xlsx,154
31,07/22/2023,09/21/2023,Sairam,Sale/D,CTSR (7/8 Gorkha Rifles),1,4901,ION�2324�011,WO/2023-2024/43,07/24/2023,07/28/2023,4.0,26-07-2023_DATE_VALUE_AS_DOUBLE_VALUE_FOR_XLSX,08/22/2023,23.0,27-07-2023_DATE_VALUE_AS_DOUBLE_VALUE_FOR_XLSX,08/23/2023,23.0,28-07-2023_DATE_VALUE_AS_DOUBLE_VALUE_FOR_XLSX,08/29/2023,27.0,30-07-2023_DATE_VALUE_AS_DOUBLE_VALUE_FOR_XLSX,08/31/2023,27.0,10/30/2023,12/27/2023,50.0,11/24/2023,12/29/2023,30.0,27-11-2023_DATE_VALUE_AS_DOUBLE_VALUE_FOR_XLSX,01/01/2024,30.0,28-11-2023_DATE_VALUE_AS_DOUBLE_VALUE_FOR_XLSX,01/02/2024,30.0,NULL,NULL,NULL,NULL,NULL,NULL,NULL,NULL,NULL,NULL,Dispatched,NULL,Order to Dispatch_Final - 31 Dec-24_normalized1.xlsx,155
32,07/23/2023,10/20/2023,Jigyasu,Sale/D,MFTS -10Lane (14 Kumaon),1,4383,ION�2324�013,WO/2023-2024/44,07/24/2023,07/28/2023,4.0,26-07-2023_DATE_VALUE_AS_DOUBLE_VALUE_FOR_XLSX,08/28/2023,28.0,27-07-2023_DATE_VALUE_AS_DOUBLE_VALUE_FOR_XLSX,08/29/2023,28.0,28-07-2023_DATE_VALUE_AS_DOUBLE_VALUE_FOR_XLSX,08/29/2023,27.0,30-07-2023_DATE_VALUE_AS_DOUBLE_VALUE_FOR_XLSX,08/31/2023,27.0,11/20/2023,01/06/2024,41.0,12/20/2024,01/16/2024,-293.0,23-12-2024_DATE_VALUE_AS_DOUBLE_VALUE_FOR_XLSX,01/17/2024,-294.0,24-12-2024_DATE_VALUE_AS_DOUBLE_VALUE_FOR_XLSX,01/17/2024,-295.0,NULL,NULL,NULL,NULL,NULL,NULL,NULL,NULL,NULL,NULL,Dispatched,NULL,Order to Dispatch_Final - 31 Dec-24_normalized1.xlsx,156
33,08/08/2023,11/06/2023,Sairam,Sale/D,CTSR (14 Raj Rif),1,4934,ION�2324�014,WO/2023-2024/46,08/14/2023,08/14/2023,0.0,16-08-2023_DATE_VALUE_AS_DOUBLE_VALUE_FOR_XLSX,08/17/2023,1.0,17-08-2023_DATE_VALUE_AS_DOUBLE_VALUE_FOR_XLSX,08/30/2023,11.0,18-08-2023_DATE_VALUE_AS_DOUBLE_VALUE_FOR_XLSX,09/01/2023,12.0,20-08-2023_DATE_VALUE_AS_DOUBLE_VALUE_FOR_XLSX,09/01/2023,10.0,10/30/2023,01/22/2024,72.0,11/29/2023,01/24/2024,48.0,02-12-2023_DATE_VALUE_AS_DOUBLE_VALUE_FOR_XLSX,01/26/2024,47.0,03-12-2023_DATE_VALUE_AS_DOUBLE_VALUE_FOR_XLSX,01/26/2024,46.0,NULL,NULL,NULL,NULL,NULL,NULL,NULL,NULL,NULL,NULL,Dispatched,NULL,Order to Dispatch_Final - 31 Dec-24_normalized1.xlsx,157
34,08/19/2023,10/18/2023,Sairam,Sale/D,CTSR (18 Punjab),1,4889,�ION�2324�015,WO/2023-2024/47,08/21/2023,08/21/2023,NULL,23-08-2023_DATE_VALUE_AS_DOUBLE_VALUE_FOR_XLSX,08/23/2023,NULL,24-08-2023_DATE_VALUE_AS_DOUBLE_VALUE_FOR_XLSX,08/30/2023,NULL,25-08-2023_DATE_VALUE_AS_DOUBLE_VALUE_FOR_XLSX,09/01/2023,6.0,27-08-2023_DATE_VALUE_AS_DOUBLE_VALUE_FOR_XLSX,09/01/2023,4.0,10/30/2023,01/25/2024,75.0,11/29/2023,12/15/2023,14.0,02-12-2023_DATE_VALUE_AS_DOUBLE_VALUE_FOR_XLSX,12/15/2023,11.0,03-12-2023_DATE_VALUE_AS_DOUBLE_VALUE_FOR_XLSX,12/27/2023,20.0,NULL,NULL,NULL,NULL,NULL,NULL,NULL,NULL,NULL,NULL,Dispatched,NULL,Order to Dispatch_Final - 31 Dec-24_normalized1.xlsx,158
35,07/11/2023,07/10/2024,Apoorva,Sale/Exp1,ADS/CISR/82MM/120MM,4,5017,ION2324 P004,WO/2023-2024/55,07/24/2023,07/24/2023,- 0,26-07-2023_DATE_VALUE_AS_DOUBLE_VALUE_FOR_XLSX,12/12/2023,119.0,27-07-2023_DATE_VALUE_AS_DOUBLE_VALUE_FOR_XLSX,12/12/2023,118.0,28-07-2023_DATE_VALUE_AS_DOUBLE_VALUE_FOR_XLSX,01/08/2024,140.0,30-07-2023_DATE_VALUE_AS_DOUBLE_VALUE_FOR_XLSX,01/11/2024,141.0,02/15/2024,04/05/2024,43.0,02/28/2024,04/29/2024,52.0,02-03-2024_DATE_VALUE_AS_DOUBLE_VALUE_FOR_XLSX,06/03/2024,79.0,03-03-2024_DATE_VALUE_AS_DOUBLE_VALUE_FOR_XLSX,06/08/2024,83.0,NULL,NULL,NULL,NULL,NULL,NULL,NULL,NULL,NULL,NULL,Dispatched,NULL,Order to Dispatch_Final - 31 Dec-24_normalized1.xlsx,159
36,07/11/2023,07/10/2024,Apoorva,Sale/Exp1,ADS (CUAS),1,5017,ION2324 P004,WO/2023-2024/55,07/24/2023,07/24/2023,- 0,26-07-2023_DATE_VALUE_AS_DOUBLE_VALUE_FOR_XLSX,09/06/2023,36,27-07-2023_DATE_VALUE_AS_DOUBLE_VALUE_FOR_XLSX,09/07/2023,36.0,28-07-2023_DATE_VALUE_AS_DOUBLE_VALUE_FOR_XLSX,12/30/2023,133.0,30-07-2023_DATE_VALUE_AS_DOUBLE_VALUE_FOR_XLSX,12/30/2023,131.0,01/15/2024,NULL,NULL,02/20/2024,06/14/2024,99.0,23-02-2024_DATE_VALUE_AS_DOUBLE_VALUE_FOR_XLSX,07/06/2024,115.0,24-02-2024_DATE_VALUE_AS_DOUBLE_VALUE_FOR_XLSX,07/08/2024,115.0,NULL,NULL,NULL,NULL,NULL,NULL,NULL,NULL,NULL,NULL,Dispatched,NULL,Order to Dispatch_Final - 31 Dec-24_normalized1.xlsx,160
37,08/24/2023,10/23/2023,BalaKrishna,Sale/D,STS 8 Lane (Ladakh Scouts),1,4537,ION�2324�017,WO/2023-2024/56,08/25/2023,09/04/2023,8.0,27-08-2023_DATE_VALUE_AS_DOUBLE_VALUE_FOR_XLSX,09/13/2023,14.0,28-08-2023_DATE_VALUE_AS_DOUBLE_VALUE_FOR_XLSX,09/13/2023,14.0,29-08-2023_DATE_VALUE_AS_DOUBLE_VALUE_FOR_XLSX,09/14/2023,14.0,31-08-2023_DATE_VALUE_AS_DOUBLE_VALUE_FOR_XLSX,09/16/2023,14.0,11/20/2023,12/31/2023,35.0,12/20/2023,01/03/2024,12.0,23-12-2023_DATE_VALUE_AS_DOUBLE_VALUE_FOR_XLSX,01/04/2024,10.0,24-12-2023_DATE_VALUE_AS_DOUBLE_VALUE_FOR_XLSX,01/04/2024,9.0,NULL,NULL,NULL,NULL,NULL,NULL,NULL,NULL,NULL,NULL,Dispatched,NULL,Order to Dispatch_Final - 31 Dec-24_normalized1.xlsx,161
38,NULL,NULL,NULL,NULL,NULL,NULL,NULL,NULL,WO/2023-2024/57,NULL,NULL,NULL,NULL,NULL,NULL,01-01-1900_DATE_VALUE_AS_DOUBLE_VALUE_FOR_XLSX,NULL,NULL,02-01-1900_DATE_VALUE_AS_DOUBLE_VALUE_FOR_XLSX,NULL,NULL,04-01-1900_DATE_VALUE_AS_DOUBLE_VALUE_FOR_XLSX,NULL,NULL,NULL,NULL,NULL,NULL,NULL,NULL,NULL,NULL,NULL,NULL,NULL,NULL,NULL,NULL,NULL,NULL,NULL,NULL,NULL,NULL,NULL,NULL,Dispatched,NULL,Order to Dispatch_Final - 31 Dec-24_normalized1.xlsx,162
39,07/06/2023,01/06/2024,Mgmt,EP,CUAS,25,5150,ION�2324�019,WO/2023-2024/070,07/07/2023,--,NULL,09/04/2023,09/04/2023,NULL,05-09-2023_DATE_VALUE_AS_DOUBLE_VALUE_FOR_XLSX,09/04/2023,-3.0,06-09-2023_DATE_VALUE_AS_DOUBLE_VALUE_FOR_XLSX,09/08/2023,2.0,08-09-2023_DATE_VALUE_AS_DOUBLE_VALUE_FOR_XLSX,11/08/2023,52.0,02/10/2023,NULL,NULL,NULL,NULL,NULL,NULL,NULL,NULL,NULL,NULL,NULL,NULL,NULL,NULL,NULL,NULL,NULL,NULL,NULL,NULL,NULL,Dispatched,NULL,Order to Dispatch_Final - 31 Dec-24_normalized1.xlsx,163
40,11/10/2023,03/09/2024,BalaKrishna,Sale/D,AweSim 10Lanes (Assam),1,NULL,NULL,WO/2023-2024/073,11/13/2023,11/14/2023,NULL,15-11-2023_DATE_VALUE_AS_DOUBLE_VALUE_FOR_XLSX,11/28/2023,NULL,16-11-2023_DATE_VALUE_AS_DOUBLE_VALUE_FOR_XLSX,12/06/2023,17.0,17-11-2023_DATE_VALUE_AS_DOUBLE_VALUE_FOR_XLSX,12/08/2023,18.0,19-11-2023_DATE_VALUE_AS_DOUBLE_VALUE_FOR_XLSX,12/12/2023,19.0,01/22/2024,03/04/2024,36.0,03/09/2024,04/02/2024,NULL,03/13/2024,04/03/2024,NULL,03/09/2024,04/04/2024,NULL,NULL,NULL,NULL,NULL,NULL,NULL,NULL,NULL,NULL,NULL,Dispatched,NULL,Order to Dispatch_Final - 31 Dec-24_normalized1.xlsx,164
41,11/16/2023,02/28/2024,Sairam,Sale/D,AweSim 6Lane (Hatron),1,NULL,NULL,WO/2023-2024/074,11/20/2023,11/22/2023,NULL,22-11-2023_DATE_VALUE_AS_DOUBLE_VALUE_FOR_XLSX,11/27/2023,NULL,23-11-2023_DATE_VALUE_AS_DOUBLE_VALUE_FOR_XLSX,11/28/2023,4.0,24-11-2023_DATE_VALUE_AS_DOUBLE_VALUE_FOR_XLSX,11/29/2023,4.0,26-11-2023_DATE_VALUE_AS_DOUBLE_VALUE_FOR_XLSX,12/01/2023,4.0,01/25/2024,03/08/2024,NULL,03/15/2024,04/02/2024,NULL,18-03-2024_DATE_VALUE_AS_DOUBLE_VALUE_FOR_XLSX,04/02/2024,NULL,02/28/2024,04/02/2024,NULL,NULL,NULL,NULL,NULL,NULL,NULL,NULL,NULL,NULL,NULL,Dispatched,NULL,Order to Dispatch_Final - 31 Dec-24_normalized1.xlsx,165
42,09/01/2023,02/28/2024,Mgmt,EP,UDS(Universal Driving Simulator),69,NULL,NULL,WO/2023-2024/080,09/04/2023,09/04/2023,NULL,06-09-2023_DATE_VALUE_AS_DOUBLE_VALUE_FOR_XLSX,12/06/2023,NULL,07-09-2023_DATE_VALUE_AS_DOUBLE_VALUE_FOR_XLSX,12/06/2023,77.0,08-09-2023_DATE_VALUE_AS_DOUBLE_VALUE_FOR_XLSX,12/13/2023,82.0,10-09-2023_DATE_VALUE_AS_DOUBLE_VALUE_FOR_XLSX,12/13/2023,80.0,01/30/2024,NULL,NULL,03/30/2024,NULL,NULL,02-04-2024_DATE_VALUE_AS_DOUBLE_VALUE_FOR_XLSX,NULL,NULL,02/28/2024,10/22/2024,NULL,NULL,NULL,NULL,NULL,NULL,NULL,NULL,NULL,NULL,NULL,Dispatched,NULL,Order to Dispatch_Final - 31 Dec-24_normalized1.xlsx,166
43,09/04/2023,09/03/2024,Mgmt,EP,DTS ALS,66,NULL,NULL,WO/2023-2024/082,09/05/2023,09/12/2023,NULL,07-09-2023_DATE_VALUE_AS_DOUBLE_VALUE_FOR_XLSX,12/11/2023,NULL,08-09-2023_DATE_VALUE_AS_DOUBLE_VALUE_FOR_XLSX,12/11/2023,NULL,09-09-2023_DATE_VALUE_AS_DOUBLE_VALUE_FOR_XLSX,12/23/2023,90.0,11-09-2023_DATE_VALUE_AS_DOUBLE_VALUE_FOR_XLSX,01/04/2024,99.0,01/30/2024,NULL,NULL,03/20/2024,NULL,NULL,23-03-2024_DATE_VALUE_AS_DOUBLE_VALUE_FOR_XLSX,NULL,NULL,09/23/2024,09/28/2024,NULL,NULL,NULL,NULL,NULL,NULL,NULL,NULL,NULL,NULL,NULL,Dispatched,NULL,Order to Dispatch_Final - 31 Dec-24_normalized1.xlsx,167
44,10/24/2023,03/21/2024,Ranjith,Sale/D,ATGM (5 Para),NULL,NULL,NULL,WO/2023-2024/084,10/25/2023,10/25/2023,NULL,10/27/2023,12/15/2023,NULL,28-10-2023_DATE_VALUE_AS_DOUBLE_VALUE_FOR_XLSX,12/15/2023,NULL,29-10-2023_DATE_VALUE_AS_DOUBLE_VALUE_FOR_XLSX,12/16/2023,NULL,31-10-2023_DATE_VALUE_AS_DOUBLE_VALUE_FOR_XLSX,12/19/2023,NULL,01/21/2024,01/23/2024,NULL,03/21/2024,03/25/2024,NULL,24-03-2024_DATE_VALUE_AS_DOUBLE_VALUE_FOR_XLSX,03/25/2024,NULL,25-03-2024_DATE_VALUE_AS_DOUBLE_VALUE_FOR_XLSX,03/25/2024,NULL,NULL,NULL,NULL,NULL,NULL,NULL,NULL,NULL,NULL,NULL,Dispatched,NULL,Order to Dispatch_Final - 31 Dec-24_normalized1.xlsx,168
45,08/11/2023,02/10/2025,Mgmt,EP,DS T - 72 Tank,19,5157,ION�2324�027,WO/2023-2024/085,08/25/2023,08/28/2023,2.0,08/28/2023,12/15/2023,94.0,29-08-2023_DATE_VALUE_AS_DOUBLE_VALUE_FOR_XLSX,12/15/2023,93.0,30-08-2023_DATE_VALUE_AS_DOUBLE_VALUE_FOR_XLSX,01/06/2024,111.0,01-09-2023_DATE_VALUE_AS_DOUBLE_VALUE_FOR_XLSX,01/06/2024,109.0,11/30/2024,NULL,NULL,12/16/2024,NULL,NULL,19-12-2024_DATE_VALUE_AS_DOUBLE_VALUE_FOR_XLSX,NULL,NULL,20-12-2024_DATE_VALUE_AS_DOUBLE_VALUE_FOR_XLSX,NULL,NULL,NULL,NULL,NULL,NULL,NULL,NULL,NULL,NULL,NULL,NULL,Not Dispatched,NULL,Order to Dispatch_Final - 31 Dec-24_normalized1.xlsx,169
46,12/14/2023,03/31/2024,Arjun,Sale/D,3AD Simulator (IGLA) Adani,4,5389,ION�2324�028,WO/2023-2024/087,12/15/2023,12/15/2023,0.0,12/18/2023,12/20/2023,2.0,19-12-2023_DATE_VALUE_AS_DOUBLE_VALUE_FOR_XLSX,12/21/2023,2.0,20-12-2023_DATE_VALUE_AS_DOUBLE_VALUE_FOR_XLSX,12/28/2023,7.0,22-12-2023_DATE_VALUE_AS_DOUBLE_VALUE_FOR_XLSX,01/09/2024,15.0,03/05/2024,07/08/2024,107.0,03/31/2024,08/20/2024,121.0,03-04-2024_DATE_VALUE_AS_DOUBLE_VALUE_FOR_XLSX,09/16/2024,142.0,04-04-2024_DATE_VALUE_AS_DOUBLE_VALUE_FOR_XLSX,NULL,NULL,NULL,NULL,NULL,NULL,NULL,NULL,NULL,NULL,NULL,NULL,Not Dispatched,NULL,Order to Dispatch_Final - 31 Dec-24_normalized1.xlsx,170
47,12/21/2023,03/20/2024,BalaKrishna,Sale/D,"ATGM (16 Sikh, Assam)",1,5077,�ION�2324�031,WO/2023-2024/089,12/22/2023,01/08/2024,14.0,01/10/2024,01/12/2024,2.0,11-01-2024_DATE_VALUE_AS_DOUBLE_VALUE_FOR_XLSX,01/13/2024,2.0,12-01-2024_DATE_VALUE_AS_DOUBLE_VALUE_FOR_XLSX,01/17/2024,4.0,14-01-2024_DATE_VALUE_AS_DOUBLE_VALUE_FOR_XLSX,01/19/2024,4.0,02/28/2024,03/08/2024,8.0,03/20/2024,03/21/2024,1.0,23-03-2024_DATE_VALUE_AS_DOUBLE_VALUE_FOR_XLSX,03/21/2024,-4.0,24-03-2024_DATE_VALUE_AS_DOUBLE_VALUE_FOR_XLSX,03/21/2024,-4.0,NULL,NULL,NULL,NULL,NULL,NULL,NULL,NULL,NULL,NULL,Dispatched,NULL,Order to Dispatch_Final - 31 Dec-24_normalized1.xlsx,171
48,01/07/2024,04/04/2024,BalaKrishna,Sale/D,STS 6Lane (INS Chilka),1,5075,ION�2324�032,WO/2023-2024/090,01/08/2024,01/08/2024,0.0,01/10/2024,01/12/2024,2.0,11-01-2024_DATE_VALUE_AS_DOUBLE_VALUE_FOR_XLSX,01/13/2024,2.0,12-01-2024_DATE_VALUE_AS_DOUBLE_VALUE_FOR_XLSX,01/17/2024,4.0,14-01-2024_DATE_VALUE_AS_DOUBLE_VALUE_FOR_XLSX,01/17/2024,2.0,03/25/2024,04/01/2024,6.0,03/31/2024,04/24/2024,20.0,03-04-2024_DATE_VALUE_AS_DOUBLE_VALUE_FOR_XLSX,04/24/2024,18.0,04-04-2024_DATE_VALUE_AS_DOUBLE_VALUE_FOR_XLSX,04/26/2024,19.0,NULL,NULL,NULL,NULL,NULL,NULL,NULL,NULL,NULL,NULL,Dispatched,NULL,Order to Dispatch_Final - 31 Dec-24_normalized1.xlsx,172
49,12/26/2023,02/24/2024,Baljeet,Sale/D,AweSim 6lLane (Delhi Police),1,1387,ION�2324�029,WO/2023-2024/091,12/27/2023,01/08/2024,10.0,01/10/2024,01/11/2024,1.0,11-01-2024_DATE_VALUE_AS_DOUBLE_VALUE_FOR_XLSX,01/11/2024,0.0,12-01-2024_DATE_VALUE_AS_DOUBLE_VALUE_FOR_XLSX,01/17/2024,4.0,14-01-2024_DATE_VALUE_AS_DOUBLE_VALUE_FOR_XLSX,01/17/2024,2.0,02/18/2024,04/23/2024,55.0,02/24/2024,04/28/2024,54.0,27-02-2024_DATE_VALUE_AS_DOUBLE_VALUE_FOR_XLSX,05/02/2024,56.0,28-02-2024_DATE_VALUE_AS_DOUBLE_VALUE_FOR_XLSX,05/04/2024,57.0,NULL,NULL,NULL,NULL,NULL,NULL,NULL,NULL,NULL,NULL,Dispatched,NULL,Order to Dispatch_Final - 31 Dec-24_normalized1.xlsx,173
50,12/26/2023,02/24/2024,Baljeet,Mockup wpn,AK 47 Mock up Wireless,7,1387,ION�2324�029,WO/2023-2024/091,12/27/2023,01/08/2024,10.0,01/10/2024,01/11/2024,1.0,11-01-2024_DATE_VALUE_AS_DOUBLE_VALUE_FOR_XLSX,01/11/2024,0.0,12-01-2024_DATE_VALUE_AS_DOUBLE_VALUE_FOR_XLSX,01/17/2024,4.0,14-01-2024_DATE_VALUE_AS_DOUBLE_VALUE_FOR_XLSX,01/17/2024,2.0,02/18/2024,04/23/2024,55.0,02/24/2024,04/28/2024,54.0,27-02-2024_DATE_VALUE_AS_DOUBLE_VALUE_FOR_XLSX,05/02/2024,56.0,28-02-2024_DATE_VALUE_AS_DOUBLE_VALUE_FOR_XLSX,05/04/2024,57.0,NULL,NULL,NULL,NULL,NULL,NULL,NULL,NULL,NULL,NULL,Dispatched,NULL,Order to Dispatch_Final - 31 Dec-24_normalized1.xlsx,174
51,12/26/2023,02/24/2024,Baljeet,Mockup wpn,INSAS Mock up wireless,7,1387,ION�2324�029,WO/2023-2024/091,12/27/2023,01/08/2024,10.0,01/10/2024,01/11/2024,1.0,11-01-2024_DATE_VALUE_AS_DOUBLE_VALUE_FOR_XLSX,01/11/2024,0.0,12-01-2024_DATE_VALUE_AS_DOUBLE_VALUE_FOR_XLSX,01/17/2024,4.0,14-01-2024_DATE_VALUE_AS_DOUBLE_VALUE_FOR_XLSX,01/17/2024,2.0,02/18/2024,04/23/2024,55.0,02/24/2024,04/28/2024,54.0,27-02-2024_DATE_VALUE_AS_DOUBLE_VALUE_FOR_XLSX,05/02/2024,56.0,28-02-2024_DATE_VALUE_AS_DOUBLE_VALUE_FOR_XLSX,05/04/2024,57.0,NULL,NULL,NULL,NULL,NULL,NULL,NULL,NULL,NULL,NULL,Dispatched,NULL,Order to Dispatch_Final - 31 Dec-24_normalized1.xlsx,175
52,12/26/2023,02/24/2024,Baljeet,Recoil Kits,Glock - 17,7,1387,ION�2324�029,WO/2023-2024/091,12/27/2023,01/08/2024,10.0,01/10/2024,01/11/2024,1.0,11-01-2024_DATE_VALUE_AS_DOUBLE_VALUE_FOR_XLSX,01/11/2024,0.0,12-01-2024_DATE_VALUE_AS_DOUBLE_VALUE_FOR_XLSX,01/17/2024,4.0,14-01-2024_DATE_VALUE_AS_DOUBLE_VALUE_FOR_XLSX,01/17/2024,2.0,02/18/2024,04/23/2024,55.0,02/24/2024,04/28/2024,54.0,27-02-2024_DATE_VALUE_AS_DOUBLE_VALUE_FOR_XLSX,05/02/2024,56.0,28-02-2024_DATE_VALUE_AS_DOUBLE_VALUE_FOR_XLSX,05/04/2024,57.0,NULL,NULL,NULL,NULL,NULL,NULL,NULL,NULL,NULL,NULL,Dispatched,NULL,Order to Dispatch_Final - 31 Dec-24_normalized1.xlsx,176
53,12/26/2023,02/24/2024,Baljeet,Recoil Kits,Glock - 19,7,1387,ION�2324�029,WO/2023-2024/091,12/27/2023,01/08/2024,10.0,01/10/2024,01/11/2024,1.0,11-01-2024_DATE_VALUE_AS_DOUBLE_VALUE_FOR_XLSX,01/11/2024,0.0,12-01-2024_DATE_VALUE_AS_DOUBLE_VALUE_FOR_XLSX,01/17/2024,4.0,14-01-2024_DATE_VALUE_AS_DOUBLE_VALUE_FOR_XLSX,01/17/2024,2.0,02/18/2024,04/23/2024,55.0,02/24/2024,04/28/2024,54.0,27-02-2024_DATE_VALUE_AS_DOUBLE_VALUE_FOR_XLSX,05/02/2024,56.0,28-02-2024_DATE_VALUE_AS_DOUBLE_VALUE_FOR_XLSX,05/04/2024,57.0,NULL,NULL,NULL,NULL,NULL,NULL,NULL,NULL,NULL,NULL,Dispatched,NULL,Order to Dispatch_Final - 31 Dec-24_normalized1.xlsx,177
54,12/26/2023,02/24/2024,Baljeet,Recoil Kits,MP 5 A3,NULL,1387,ION�2324�029,WO/2023-2024/091,12/27/2023,01/08/2024,10.0,---,---,NULL,NULL,---,NULL,NULL,---,NULL,NULL,---,NULL,05/24/2024,06/25/2024,27.0,05/30/2024,06/28/2024,25.0,02-06-2024_DATE_VALUE_AS_DOUBLE_VALUE_FOR_XLSX,07/27/2024,47.0,03-06-2024_DATE_VALUE_AS_DOUBLE_VALUE_FOR_XLSX,07/30/2024,49.0,NULL,NULL,NULL,NULL,NULL,NULL,NULL,NULL,NULL,NULL,Dispatched,NULL,Order to Dispatch_Final - 31 Dec-24_normalized1.xlsx,178
55,11/21/2023,07/21/2024,Apoorva,Sale/Exp1,"Exports -2( IVTSS, IWTS)",1,5064,ION�2324�030,WO/2023-2024/094,11/22/2023,11/24/2023,2.0,11/24/2023,01/11/2024,41.0,25-11-2023_DATE_VALUE_AS_DOUBLE_VALUE_FOR_XLSX,01/11/2024,40.0,26-11-2023_DATE_VALUE_AS_DOUBLE_VALUE_FOR_XLSX,12/30/2023,29.0,28-11-2023_DATE_VALUE_AS_DOUBLE_VALUE_FOR_XLSX,01/13/2024,40.0,NULL,NULL,NULL,NULL,NULL,NULL,03-01-1900_DATE_VALUE_AS_DOUBLE_VALUE_FOR_XLSX,NULL,NULL,04-01-1900_DATE_VALUE_AS_DOUBLE_VALUE_FOR_XLSX,NULL,NULL,NULL,NULL,NULL,NULL,NULL,NULL,NULL,NULL,NULL,NULL,Not Dispatched,NULL,Order to Dispatch_Final - 31 Dec-24_normalized1.xlsx,179
56,12/26/2023,04/24/2024,Jigyasu/Ranjith,Sale/D,3 AD Simulator (Indian),1,5016,ION�2324�033,WO/2023-2024/095,12/27/2023,01/08/2024,10.0,01/10/2024,01/18/2024,7.0,11-01-2024_DATE_VALUE_AS_DOUBLE_VALUE_FOR_XLSX,01/18/2024,6.0,12-01-2024_DATE_VALUE_AS_DOUBLE_VALUE_FOR_XLSX,01/18/2024,5.0,14-01-2024_DATE_VALUE_AS_DOUBLE_VALUE_FOR_XLSX,01/18/2024,3.0,03/15/2024,05/20/2024,56.0,04/24/2024,05/31/2024,32.0,27-04-2024_DATE_VALUE_AS_DOUBLE_VALUE_FOR_XLSX,06/08/2024,36.0,28-04-2024_DATE_VALUE_AS_DOUBLE_VALUE_FOR_XLSX,06/08/2024,35.0,NULL,NULL,NULL,NULL,NULL,NULL,NULL,NULL,NULL,NULL,Dispatched,NULL,Order to Dispatch_Final - 31 Dec-24_normalized1.xlsx,180
57,12/23/2023,03/22/2024,Jigyasu,Sale/D,"81MM Mortar (11 JAT, UP)",1,4199,ION�2324�034,WO/2023-2024/096,12/24/2023,01/08/2024,12.0,01/10/2024,01/18/2024,7.0,11-01-2024_DATE_VALUE_AS_DOUBLE_VALUE_FOR_XLSX,01/19/2024,7.0,12-01-2024_DATE_VALUE_AS_DOUBLE_VALUE_FOR_XLSX,01/19/2024,6.0,14-01-2024_DATE_VALUE_AS_DOUBLE_VALUE_FOR_XLSX,01/19/2024,4.0,03/18/2024,04/22/2024,30.0,03/22/2024,04/25/2024,29.0,25-03-2024_DATE_VALUE_AS_DOUBLE_VALUE_FOR_XLSX,04/28/2024,29.0,26-03-2024_DATE_VALUE_AS_DOUBLE_VALUE_FOR_XLSX,10/28/2024,185.0,NULL,NULL,NULL,NULL,NULL,NULL,NULL,NULL,NULL,NULL,Dispatched,NULL,Order to Dispatch_Final - 31 Dec-24_normalized1.xlsx,181
58,01/15/2024,04/14/2024,Sairam,Sale/D,CTSR (25 AD),1,4906,ION�2324�035�,WO/2023-2024/098,01/17/2024,01/29/2024,10.0,01/31/2024,02/02/2024,2.0,01-02-2024_DATE_VALUE_AS_DOUBLE_VALUE_FOR_XLSX,02/05/2024,3.0,02-02-2024_DATE_VALUE_AS_DOUBLE_VALUE_FOR_XLSX,02/20/2024,15.0,04-02-2024_DATE_VALUE_AS_DOUBLE_VALUE_FOR_XLSX,02/24/2024,17.0,04/14/2024,07/09/2024,73.0,05/14/2024,07/12/2024,51.0,17-05-2024_DATE_VALUE_AS_DOUBLE_VALUE_FOR_XLSX,07/21/2024,55.0,18-05-2024_DATE_VALUE_AS_DOUBLE_VALUE_FOR_XLSX,05/18/2024,0.0,NULL,NULL,NULL,NULL,NULL,NULL,NULL,NULL,NULL,NULL,Dispatched,NULL,Order to Dispatch_Final - 31 Dec-24_normalized1.xlsx,182
59,12/12/2023,04/10/2023,BalaKrishna,Sale/D,81MM Mortar (Ahmednagar),1,4970,ION�2324�036,WO/2023-2024/099,12/13/2023,01/29/2024,40.0,01/31/2024,02/02/2024,2.0,01-02-2024_DATE_VALUE_AS_DOUBLE_VALUE_FOR_XLSX,02/05/2024,3.0,02-02-2024_DATE_VALUE_AS_DOUBLE_VALUE_FOR_XLSX,02/19/2024,14.0,04-02-2024_DATE_VALUE_AS_DOUBLE_VALUE_FOR_XLSX,03/01/2024,22.0,03/31/2024,07/06/2024,83.0,04/10/2024,07/09/2024,77.0,13-04-2024_DATE_VALUE_AS_DOUBLE_VALUE_FOR_XLSX,07/19/2024,83.0,14-04-2024_DATE_VALUE_AS_DOUBLE_VALUE_FOR_XLSX,07/24/2024,86.0,NULL,NULL,NULL,NULL,NULL,NULL,NULL,NULL,NULL,NULL,Dispatched,NULL,Order to Dispatch_Final - 31 Dec-24_normalized1.xlsx,183
60,01/09/2024,01/24/2024,BalaKrishna,Sale/D,DATS+ShootEdge,1+1,5166,ION�2324�037,WO/2023-2024/102,01/10/2024,01/29/2024,16.0,01/31/2024,02/06/2024,5.0,01-02-2024_DATE_VALUE_AS_DOUBLE_VALUE_FOR_XLSX,02/09/2024,7.0,02-02-2024_DATE_VALUE_AS_DOUBLE_VALUE_FOR_XLSX,02/18/2024,13.0,04-02-2024_DATE_VALUE_AS_DOUBLE_VALUE_FOR_XLSX,02/19/2024,12.0,03/31/2024,06/23/2024,71.0,04/20/2024,07/05/2024,65.0,23-04-2024_DATE_VALUE_AS_DOUBLE_VALUE_FOR_XLSX,02/22/2024,-54.0,24-04-2024_DATE_VALUE_AS_DOUBLE_VALUE_FOR_XLSX,07/09/2024,65.0,NULL,NULL,NULL,NULL,NULL,NULL,NULL,NULL,NULL,NULL,Dispatched,NULL,Order to Dispatch_Final - 31 Dec-24_normalized1.xlsx,184
61,01/31/2024,04/30/2024,Sairam,Sale/D,"CTSR (70 Eng, Reg)",1,4902,ION�2324�038,WO/2023-2024/105,02/01/2024,02/14/2024,11.0,02/05/2024,02/21/2024,14.0,06-02-2024_DATE_VALUE_AS_DOUBLE_VALUE_FOR_XLSX,02/22/2024,14.0,07-02-2024_DATE_VALUE_AS_DOUBLE_VALUE_FOR_XLSX,03/02/2024,21.0,09-02-2024_DATE_VALUE_AS_DOUBLE_VALUE_FOR_XLSX,03/01/2024,18.0,04/14/2024,07/25/2024,87.0,05/30/2024,08/22/2024,72.0,02-06-2024_DATE_VALUE_AS_DOUBLE_VALUE_FOR_XLSX,08/25/2024,71.0,03-06-2024_DATE_VALUE_AS_DOUBLE_VALUE_FOR_XLSX,08/26/2024,72.0,NULL,NULL,NULL,NULL,NULL,NULL,NULL,NULL,NULL,NULL,Dispatched,NULL,Order to Dispatch_Final - 31 Dec-24_normalized1.xlsx,185
62,01/09/2024,03/31/2024,BalaKrishna,Sale/D,AweSim (UTS) 8 Lane,21,4846,ION�2324�042,WO/2023-2024/109,01/10/2024,02/14/2024,30.0,01/12/2024,02/16/2024,30.0,13-01-2024_DATE_VALUE_AS_DOUBLE_VALUE_FOR_XLSX,02/23/2024,35.0,14-01-2024_DATE_VALUE_AS_DOUBLE_VALUE_FOR_XLSX,02/24/2024,35.0,16-01-2024_DATE_VALUE_AS_DOUBLE_VALUE_FOR_XLSX,02/24/2024,34.0,03/30/2024,03/28/2024,-4.0,03/25/2024,03/27/2024,2.0,28-03-2024_DATE_VALUE_AS_DOUBLE_VALUE_FOR_XLSX,03/29/2024,1.0,29-03-2024_DATE_VALUE_AS_DOUBLE_VALUE_FOR_XLSX,03/29/2024,0.0,NULL,NULL,NULL,NULL,NULL,NULL,NULL,NULL,NULL,NULL,Dispatched,NULL,Order to Dispatch_Final - 31 Dec-24_normalized1.xlsx,186
64,02/05/2024,05/05/2024,Sairam,Sale/D,CTSR (47 Armoured Reg),1,4958,ION�2324�039,WO/2023-2024/106,02/06/2024,02/14/2024,7.0,02/08/2024,02/21/2024,11.0,09-02-2024_DATE_VALUE_AS_DOUBLE_VALUE_FOR_XLSX,02/22/2024,11.0,10-02-2024_DATE_VALUE_AS_DOUBLE_VALUE_FOR_XLSX,03/02/2024,18.0,12-02-2024_DATE_VALUE_AS_DOUBLE_VALUE_FOR_XLSX,03/01/2024,16.0,04/14/2024,07/27/2024,89.0,06/15/2024,09/14/2024,78.0,18-06-2024_DATE_VALUE_AS_DOUBLE_VALUE_FOR_XLSX,09/21/2024,82.0,19-06-2024_DATE_VALUE_AS_DOUBLE_VALUE_FOR_XLSX,09/22/2024,81.0,NULL,NULL,NULL,NULL,NULL,NULL,NULL,NULL,NULL,NULL,Dispatched,NULL,Order to Dispatch_Final - 31 Dec-24_normalized1.xlsx,188
65,02/05/2024,05/05/2024,Sairam,Sale/D,CTSR (60 Medium Reg),1,4885,ION�2324�040,�WO/2023-2024/107,02/06/2024,02/14/2024,7.0,02/08/2024,02/21/2024,11.0,09-02-2024_DATE_VALUE_AS_DOUBLE_VALUE_FOR_XLSX,02/22/2024,11.0,10-02-2024_DATE_VALUE_AS_DOUBLE_VALUE_FOR_XLSX,03/02/2024,18.0,12-02-2024_DATE_VALUE_AS_DOUBLE_VALUE_FOR_XLSX,03/01/2024,16.0,04/14/2024,07/30/2024,91.0,06/30/2024,10/01/2024,79.0,03-07-2024_DATE_VALUE_AS_DOUBLE_VALUE_FOR_XLSX,10/04/2024,80.0,04-07-2024_DATE_VALUE_AS_DOUBLE_VALUE_FOR_XLSX,10/05/2024,80.0,NULL,NULL,NULL,NULL,NULL,NULL,NULL,NULL,NULL,NULL,Dispatched,NULL,Order to Dispatch_Final - 31 Dec-24_normalized1.xlsx,189
66,02/09/2024,05/09/2024,Ranjith,Sale/D,"STS - 8 Lane (6Lancer, Babina)",1,5118,ION�2324�041,WO/2023-2024/108,02/12/2024,02/14/2024,2.0,02/14/2024,02/21/2024,6.0,15-02-2024_DATE_VALUE_AS_DOUBLE_VALUE_FOR_XLSX,02/22/2024,6.0,16-02-2024_DATE_VALUE_AS_DOUBLE_VALUE_FOR_XLSX,03/02/2024,13.0,18-02-2024_DATE_VALUE_AS_DOUBLE_VALUE_FOR_XLSX,03/01/2024,10.0,04/14/2024,06/22/2024,59.0,05/09/2024,06/24/2024,39.0,12-05-2024_DATE_VALUE_AS_DOUBLE_VALUE_FOR_XLSX,06/26/2024,38.0,13-05-2024_DATE_VALUE_AS_DOUBLE_VALUE_FOR_XLSX,06/27/2024,39.0,NULL,NULL,NULL,NULL,NULL,NULL,NULL,NULL,NULL,NULL,Dispatched,NULL,Order to Dispatch_Final - 31 Dec-24_normalized1.xlsx,190
67,02/26/2024,04/26/2024,Sairam,Sale/D, CTSR (19 Garhwal Rifles),1,5179,�ION�2324�043�,WO/2023-2024/111,02/27/2024,02/28/2024,1.0,02/29/2024,02/29/2024,0.0,01-03-2024_DATE_VALUE_AS_DOUBLE_VALUE_FOR_XLSX,02/29/2024,-3.0,02-03-2024_DATE_VALUE_AS_DOUBLE_VALUE_FOR_XLSX,03/09/2024,6.0,04-03-2024_DATE_VALUE_AS_DOUBLE_VALUE_FOR_XLSX,03/14/2024,9.0,18-04-2024_DATE_VALUE_AS_DOUBLE_VALUE_FOR_XLSX,10/14/2024,153.0,07/31/2024,10/14/2024,64.0,03-08-2024_DATE_VALUE_AS_DOUBLE_VALUE_FOR_XLSX,04/07/2024,-103.0,04-08-2024_DATE_VALUE_AS_DOUBLE_VALUE_FOR_XLSX,04/07/2024,-103.0,NULL,NULL,NULL,NULL,NULL,NULL,NULL,NULL,NULL,NULL,Dispatched,NULL,Order to Dispatch_Final - 31 Dec-24_normalized1.xlsx,191
68,02/21/2024,08/19/2024,Jigyasu,Sale/D,TacSim - (IMA),14,5164,ION 2324045,WO/2023-2024/118,02/21/2024,02/28/2024,6.0,02/23/2024,03/29/2024,30.0,24-02-2024_DATE_VALUE_AS_DOUBLE_VALUE_FOR_XLSX,03/29/2024,29.0,25-02-2024_DATE_VALUE_AS_DOUBLE_VALUE_FOR_XLSX,04/08/2024,36.0,27-02-2024_DATE_VALUE_AS_DOUBLE_VALUE_FOR_XLSX,04/08/2024,35.0,05/22/2024,10/10/2024,121.0,07/10/2024,10/16/2024,84.0,13-07-2024_DATE_VALUE_AS_DOUBLE_VALUE_FOR_XLSX,10/17/2024,82.0,14-07-2024_DATE_VALUE_AS_DOUBLE_VALUE_FOR_XLSX,10/20/2024,83.0,NULL,NULL,NULL,NULL,NULL,NULL,NULL,NULL,NULL,NULL,Dispatched,NULL,Order to Dispatch_Final - 31 Dec-24_normalized1.xlsx,192
69,02/21/2024,08/19/2024,Jigyasu,Sale/D,CWTS - (IMA),4,5165,ION�2324�044,WO/2023-2024/113,02/21/2024,02/28/2024,6.0,02/23/2024,03/07/2024,11.0,24-02-2024_DATE_VALUE_AS_DOUBLE_VALUE_FOR_XLSX,03/07/2024,10.0,25-02-2024_DATE_VALUE_AS_DOUBLE_VALUE_FOR_XLSX,03/19/2024,19.0,27-02-2024_DATE_VALUE_AS_DOUBLE_VALUE_FOR_XLSX,03/20/2024,19.0,05/04/2024,10/12/2024,138.0,06/10/2024,10/15/2024,109.0,13-06-2024_DATE_VALUE_AS_DOUBLE_VALUE_FOR_XLSX,10/19/2024,110.0,14-06-2024_DATE_VALUE_AS_DOUBLE_VALUE_FOR_XLSX,10/21/2024,110.0,NULL,NULL,NULL,NULL,NULL,NULL,NULL,NULL,NULL,NULL,Dispatched,NULL,Order to Dispatch_Final - 31 Dec-24_normalized1.xlsx,193
70,02/21/2024,08/19/2024,Jigyasu,Sale/D,Sig716,16,5165,ION�2324�044,WO/2023-2024/113,02/21/2024,02/28/2024,6.0,02/23/2024,03/07/2024,11.0,24-02-2024_DATE_VALUE_AS_DOUBLE_VALUE_FOR_XLSX,03/07/2024,10.0,25-02-2024_DATE_VALUE_AS_DOUBLE_VALUE_FOR_XLSX,04/05/2024,34.0,27-02-2024_DATE_VALUE_AS_DOUBLE_VALUE_FOR_XLSX,04/06/2024,34.0,05/20/2024,10/12/2024,125.0,06/10/2024,10/15/2024,109.0,13-06-2024_DATE_VALUE_AS_DOUBLE_VALUE_FOR_XLSX,10/19/2024,110.0,14-06-2024_DATE_VALUE_AS_DOUBLE_VALUE_FOR_XLSX,10/21/2024,110.0,NULL,NULL,NULL,NULL,NULL,NULL,NULL,NULL,NULL,NULL,Dispatched,NULL,Order to Dispatch_Final - 31 Dec-24_normalized1.xlsx,194
71,02/21/2024,08/19/2024,Jigyasu,Sale/D,AK203,12,5165,ION�2324�044,WO/2023-2024/113,02/21/2024,02/28/2024,6.0,02/23/2024,03/07/2024,11.0,24-02-2024_DATE_VALUE_AS_DOUBLE_VALUE_FOR_XLSX,03/07/2024,10.0,25-02-2024_DATE_VALUE_AS_DOUBLE_VALUE_FOR_XLSX,04/05/2024,34.0,27-02-2024_DATE_VALUE_AS_DOUBLE_VALUE_FOR_XLSX,04/06/2024,34.0,05/20/2024,10/12/2024,125.0,06/10/2024,10/15/2024,109.0,13-06-2024_DATE_VALUE_AS_DOUBLE_VALUE_FOR_XLSX,10/19/2024,110.0,14-06-2024_DATE_VALUE_AS_DOUBLE_VALUE_FOR_XLSX,10/21/2024,110.0,NULL,NULL,NULL,NULL,NULL,NULL,NULL,NULL,NULL,NULL,Dispatched,NULL,Order to Dispatch_Final - 31 Dec-24_normalized1.xlsx,195
72,02/21/2024,08/19/2024,Jigyasu,Sale/D,Negav,4,5165,ION�2324�044,WO/2023-2024/113,02/21/2024,02/28/2024,6.0,02/23/2024,03/07/2024,11.0,24-02-2024_DATE_VALUE_AS_DOUBLE_VALUE_FOR_XLSX,03/07/2024,10.0,25-02-2024_DATE_VALUE_AS_DOUBLE_VALUE_FOR_XLSX,04/05/2024,34.0,27-02-2024_DATE_VALUE_AS_DOUBLE_VALUE_FOR_XLSX,04/06/2024,34.0,05/20/2024,10/12/2024,125.0,06/10/2024,10/15/2024,109.0,13-06-2024_DATE_VALUE_AS_DOUBLE_VALUE_FOR_XLSX,10/19/2024,110.0,14-06-2024_DATE_VALUE_AS_DOUBLE_VALUE_FOR_XLSX,10/21/2024,110.0,NULL,NULL,NULL,NULL,NULL,NULL,NULL,NULL,NULL,NULL,Dispatched,NULL,Order to Dispatch_Final - 31 Dec-24_normalized1.xlsx,196
73,02/21/2024,08/19/2024,Jigyasu,Sale/D,RL Mk IV,4,5165,ION�2324�044,WO/2023-2024/113,02/21/2024,02/28/2024,6.0,02/23/2024,03/07/2024,11.0,24-02-2024_DATE_VALUE_AS_DOUBLE_VALUE_FOR_XLSX,03/07/2024,10.0,25-02-2024_DATE_VALUE_AS_DOUBLE_VALUE_FOR_XLSX,05/10/2024,64.0,27-02-2024_DATE_VALUE_AS_DOUBLE_VALUE_FOR_XLSX,05/16/2024,68.0,06/30/2024,10/12/2024,89.0,06/10/2024,10/15/2024,109.0,13-06-2024_DATE_VALUE_AS_DOUBLE_VALUE_FOR_XLSX,10/19/2024,110.0,14-06-2024_DATE_VALUE_AS_DOUBLE_VALUE_FOR_XLSX,10/21/2024,110.0,NULL,NULL,NULL,NULL,NULL,NULL,NULL,NULL,NULL,NULL,Dispatched,NULL,Order to Dispatch_Final - 31 Dec-24_normalized1.xlsx,197
74,02/21/2024,08/19/2024,Jigyasu,Sale/D,MP9,4,5165,ION�2324�044,WO/2023-2024/113,02/21/2024,02/28/2024,6.0,02/23/2024,03/07/2024,11.0,24-02-2024_DATE_VALUE_AS_DOUBLE_VALUE_FOR_XLSX,03/07/2024,10.0,25-02-2024_DATE_VALUE_AS_DOUBLE_VALUE_FOR_XLSX,03/20/2024,20.0,27-02-2024_DATE_VALUE_AS_DOUBLE_VALUE_FOR_XLSX,03/21/2024,20.0,06/30/2024,10/14/2024,90.0,07/31/2024,10/15/2024,65.0,03-08-2024_DATE_VALUE_AS_DOUBLE_VALUE_FOR_XLSX,10/19/2024,66.0,04-08-2024_DATE_VALUE_AS_DOUBLE_VALUE_FOR_XLSX,10/21/2024,66.0,NULL,NULL,NULL,NULL,NULL,NULL,NULL,NULL,NULL,NULL,Dispatched,NULL,Order to Dispatch_Final - 31 Dec-24_normalized1.xlsx,198
75,03/08/2024,03/23/2024,BalaKrishna,Sale/D,DATS (58 Gorkha Training),1,5363,ION�2324�046,WO/2023-2024/120,03/11/2024,03/21/2024,9.0,03/13/2024,03/22/2024,8.0,14-03-2024_DATE_VALUE_AS_DOUBLE_VALUE_FOR_XLSX,03/22/2024,7.0,15-03-2024_DATE_VALUE_AS_DOUBLE_VALUE_FOR_XLSX,03/29/2024,12.0,17-03-2024_DATE_VALUE_AS_DOUBLE_VALUE_FOR_XLSX,03/30/2024,11.0,05/15/2024,10/14/2024,130.0,07/31/2024,10/14/2024,64.0,03-08-2024_DATE_VALUE_AS_DOUBLE_VALUE_FOR_XLSX,09/04/2024,27.0,04-08-2024_DATE_VALUE_AS_DOUBLE_VALUE_FOR_XLSX,09/04/2024,26.0,NULL,NULL,NULL,NULL,NULL,NULL,NULL,NULL,NULL,NULL,Dispatched,NULL,Order to Dispatch_Final - 31 Dec-24_normalized1.xlsx,199
102,10/22/2024,04/28/2025,Ranjith,Sale/D,HE36S ,1,4969,NULL,WO/2024-2025/126,10/23/2024,10/24/2024,1.0,10/28/2024,12/27/2024,52.0,29-10-2024_DATE_VALUE_AS_DOUBLE_VALUE_FOR_XLSX,12/28/2024,52.0,30-10-2024_DATE_VALUE_AS_DOUBLE_VALUE_FOR_XLSX,NULL,NULL,01-11-2024_DATE_VALUE_AS_DOUBLE_VALUE_FOR_XLSX,NULL,NULL,12/20/2024,NULL,NULL,01/20/2025,NULL,NULL,23-01-2025_DATE_VALUE_AS_DOUBLE_VALUE_FOR_XLSX,NULL,NULL,24-01-2025_DATE_VALUE_AS_DOUBLE_VALUE_FOR_XLSX,NULL,NULL,NULL,NULL,NULL,NULL,NULL,NULL,NULL,NULL,NULL,NULL,Not Dispatched,NULL,Order to Dispatch_Final - 31 Dec-24_normalized1.xlsx,225
76,03/27/2024,05/21/2024,BalaKrishna,Sale/D,AweSim 4lane (Bihar RPF Mokhamaghat),1,5035,ION 2425 001,WO/2024-2025/006,03/28/2024,04/12/2024,13.0,04/01/2024,04/15/2024,12.0,02-04-2024_DATE_VALUE_AS_DOUBLE_VALUE_FOR_XLSX,04/15/2024,11.0,03-04-2024_DATE_VALUE_AS_DOUBLE_VALUE_FOR_XLSX,04/24/2024,18.0,05-04-2024_DATE_VALUE_AS_DOUBLE_VALUE_FOR_XLSX,04/26/2024,18.0,06/10/2024,10/14/2024,108.0,07/31/2024,10/14/2024,64.0,03-08-2024_DATE_VALUE_AS_DOUBLE_VALUE_FOR_XLSX,09/21/2024,42.0,04-08-2024_DATE_VALUE_AS_DOUBLE_VALUE_FOR_XLSX,10/05/2024,53.0,NULL,NULL,NULL,NULL,NULL,NULL,NULL,NULL,NULL,NULL,Dispatched,NULL,Order to Dispatch_Final - 31 Dec-24_normalized1.xlsx,200
78,03/27/2024,05/21/2024,BalaKrishna,Sale/D,INSAS Dummy Weapon,2,5035,ION 2425 001,WO/2024-2025/006,03/28/2024,04/12/2024,13.0,04/01/2024,04/16/2024,13.0,02-04-2024_DATE_VALUE_AS_DOUBLE_VALUE_FOR_XLSX,04/16/2024,12.0,03-04-2024_DATE_VALUE_AS_DOUBLE_VALUE_FOR_XLSX,04/24/2024,18.0,05-04-2024_DATE_VALUE_AS_DOUBLE_VALUE_FOR_XLSX,04/26/2024,18.0,06/10/2024,10/14/2024,108.0,07/31/2024,10/14/2024,64.0,03-08-2024_DATE_VALUE_AS_DOUBLE_VALUE_FOR_XLSX,09/21/2024,42.0,04-08-2024_DATE_VALUE_AS_DOUBLE_VALUE_FOR_XLSX,10/05/2024,53.0,NULL,NULL,NULL,NULL,NULL,NULL,NULL,NULL,NULL,NULL,Dispatched,NULL,Order to Dispatch_Final - 31 Dec-24_normalized1.xlsx,201
79,03/27/2024,05/21/2024,BalaKrishna,Sale/D,AK-47 (ARM) Dummy Weapon,2,5035,ION 2425 001,WO/2024-2025/006,03/28/2024,04/12/2024,13.0,04/01/2024,04/16/2024,13.0,02-04-2024_DATE_VALUE_AS_DOUBLE_VALUE_FOR_XLSX,04/16/2024,12.0,03-04-2024_DATE_VALUE_AS_DOUBLE_VALUE_FOR_XLSX,04/24/2024,18.0,05-04-2024_DATE_VALUE_AS_DOUBLE_VALUE_FOR_XLSX,04/26/2024,18.0,06/10/2024,10/14/2024,108.0,07/31/2024,10/14/2024,64.0,03-08-2024_DATE_VALUE_AS_DOUBLE_VALUE_FOR_XLSX,09/21/2024,42.0,04-08-2024_DATE_VALUE_AS_DOUBLE_VALUE_FOR_XLSX,10/05/2024,53.0,NULL,NULL,NULL,NULL,NULL,NULL,NULL,NULL,NULL,NULL,Dispatched,NULL,Order to Dispatch_Final - 31 Dec-24_normalized1.xlsx,202
80,03/27/2024,05/21/2024,BalaKrishna,Sale/D,Recoil Kits of Carbine Machine 9mm,1,5035,ION 2425 001,WO/2024-2025/006,03/28/2024,04/12/2024,13.0,04/01/2024,04/16/2024,13.0,02-04-2024_DATE_VALUE_AS_DOUBLE_VALUE_FOR_XLSX,04/16/2024,12.0,03-04-2024_DATE_VALUE_AS_DOUBLE_VALUE_FOR_XLSX,04/24/2024,18.0,05-04-2024_DATE_VALUE_AS_DOUBLE_VALUE_FOR_XLSX,04/26/2024,18.0,06/10/2024,10/14/2024,108.0,07/31/2024,10/14/2024,64.0,03-08-2024_DATE_VALUE_AS_DOUBLE_VALUE_FOR_XLSX,09/21/2024,42.0,04-08-2024_DATE_VALUE_AS_DOUBLE_VALUE_FOR_XLSX,10/05/2024,53.0,NULL,NULL,NULL,NULL,NULL,NULL,NULL,NULL,NULL,NULL,Dispatched,NULL,Order to Dispatch_Final - 31 Dec-24_normalized1.xlsx,203
81,03/27/2024,05/21/2024,BalaKrishna,Sale/D,AweSim 4lane (Mokhamaghat),1,5035,ION 2425 001,WO/2024-2025/006,03/28/2024,04/12/2024,13.0,04/01/2024,04/16/2024,13.0,02-04-2024_DATE_VALUE_AS_DOUBLE_VALUE_FOR_XLSX,04/16/2024,12.0,03-04-2024_DATE_VALUE_AS_DOUBLE_VALUE_FOR_XLSX,04/24/2024,18.0,05-04-2024_DATE_VALUE_AS_DOUBLE_VALUE_FOR_XLSX,04/26/2024,18.0,06/10/2024,10/14/2024,108.0,07/31/2024,10/14/2024,64.0,03-08-2024_DATE_VALUE_AS_DOUBLE_VALUE_FOR_XLSX,10/04/2024,53.0,04-08-2024_DATE_VALUE_AS_DOUBLE_VALUE_FOR_XLSX,10/05/2024,53.0,NULL,NULL,NULL,NULL,NULL,NULL,NULL,NULL,NULL,NULL,Dispatched,NULL,Order to Dispatch_Final - 31 Dec-24_normalized1.xlsx,204
82,07/09/2024,11/05/2024,Ranjith,Sale/D,"AweSim 3 lane( Southern Railway, Thirichi)",1,4542,ION 2425 003,WO/2024-2025/027,07/10/2024,07/24/2024,12.0,07/25/2024,08/01/2024,6.0,26-07-2024_DATE_VALUE_AS_DOUBLE_VALUE_FOR_XLSX,08/01/2024,5.0,27-07-2024_DATE_VALUE_AS_DOUBLE_VALUE_FOR_XLSX,08/03/2024,6.0,29-07-2024_DATE_VALUE_AS_DOUBLE_VALUE_FOR_XLSX,08/03/2024,5.0,09/16/2024,10/14/2024,24.0,10/30/2024,10/24/2024,-7.0,02-11-2024_DATE_VALUE_AS_DOUBLE_VALUE_FOR_XLSX,10/26/2024,-8.0,03-11-2024_DATE_VALUE_AS_DOUBLE_VALUE_FOR_XLSX,10/26/2024,-8.0,NULL,NULL,NULL,NULL,NULL,NULL,NULL,NULL,NULL,NULL,Dispatched,NULL,Order to Dispatch_Final - 31 Dec-24_normalized1.xlsx,205
83,07/09/2024,11/05/2024,Ranjith,Recoil Kits,Pistol Auto 9mm 1A,1,4542,ION 2425 003,WO/2024-2025/027,07/10/2024,07/24/2024,12.0,07/25/2024,08/01/2024,6.0,26-07-2024_DATE_VALUE_AS_DOUBLE_VALUE_FOR_XLSX,08/01/2024,5.0,27-07-2024_DATE_VALUE_AS_DOUBLE_VALUE_FOR_XLSX,08/03/2024,6.0,29-07-2024_DATE_VALUE_AS_DOUBLE_VALUE_FOR_XLSX,08/03/2024,5.0,09/16/2024,10/14/2024,24.0,10/30/2024,10/24/2024,-7.0,02-11-2024_DATE_VALUE_AS_DOUBLE_VALUE_FOR_XLSX,10/26/2024,-8.0,03-11-2024_DATE_VALUE_AS_DOUBLE_VALUE_FOR_XLSX,10/26/2024,-8.0,NULL,NULL,NULL,NULL,NULL,NULL,NULL,NULL,NULL,NULL,Dispatched,NULL,Order to Dispatch_Final - 31 Dec-24_normalized1.xlsx,206
84,07/09/2024,11/05/2024,Ranjith,Recoil Kits,Rifle 5.56mm Insas 1B1,1,4542,ION 2425 003,WO/2024-2025/027,07/10/2024,07/24/2024,12.0,07/25/2024,08/01/2024,6.0,26-07-2024_DATE_VALUE_AS_DOUBLE_VALUE_FOR_XLSX,08/01/2024,5.0,27-07-2024_DATE_VALUE_AS_DOUBLE_VALUE_FOR_XLSX,08/03/2024,6.0,29-07-2024_DATE_VALUE_AS_DOUBLE_VALUE_FOR_XLSX,08/03/2024,5.0,09/16/2024,10/14/2024,24.0,10/30/2024,10/24/2024,-7.0,02-11-2024_DATE_VALUE_AS_DOUBLE_VALUE_FOR_XLSX,10/26/2024,-8.0,03-11-2024_DATE_VALUE_AS_DOUBLE_VALUE_FOR_XLSX,10/26/2024,-8.0,NULL,NULL,NULL,NULL,NULL,NULL,NULL,NULL,NULL,NULL,Dispatched,NULL,Order to Dispatch_Final - 31 Dec-24_normalized1.xlsx,207
85,07/09/2024,11/05/2024,Ranjith,Recoil Kits,Rifle 7.62x39mm ARM(AK47),1,4542,ION 2425 003,WO/2024-2025/027,07/10/2024,07/24/2024,12.0,07/25/2024,08/01/2024,6.0,26-07-2024_DATE_VALUE_AS_DOUBLE_VALUE_FOR_XLSX,08/01/2024,5.0,27-07-2024_DATE_VALUE_AS_DOUBLE_VALUE_FOR_XLSX,08/03/2024,6.0,29-07-2024_DATE_VALUE_AS_DOUBLE_VALUE_FOR_XLSX,08/03/2024,5.0,09/16/2024,10/14/2024,24.0,10/30/2024,10/24/2024,-7.0,02-11-2024_DATE_VALUE_AS_DOUBLE_VALUE_FOR_XLSX,10/26/2024,-8.0,03-11-2024_DATE_VALUE_AS_DOUBLE_VALUE_FOR_XLSX,10/26/2024,-8.0,NULL,NULL,NULL,NULL,NULL,NULL,NULL,NULL,NULL,NULL,Dispatched,NULL,Order to Dispatch_Final - 31 Dec-24_normalized1.xlsx,208
86,07/22/2024,08/21/2024,BalaKrishna,Sale/D,AweSim 8lane Wireless (Maharastra Police),1,3585,�ION 2425 002�,WO/2024-2025/025,07/23/2024,07/24/2024,1.0,07/25/2024,07/26/2024,1.0,26-07-2024_DATE_VALUE_AS_DOUBLE_VALUE_FOR_XLSX,07/26/2024,0.0,27-07-2024_DATE_VALUE_AS_DOUBLE_VALUE_FOR_XLSX,08/01/2024,4.0,29-07-2024_DATE_VALUE_AS_DOUBLE_VALUE_FOR_XLSX,08/02/2024,4.0,09/20/2024,10/10/2024,17.0,10/30/2024,10/18/2024,-12.0,02-11-2024_DATE_VALUE_AS_DOUBLE_VALUE_FOR_XLSX,10/19/2024,-14.0,03-11-2024_DATE_VALUE_AS_DOUBLE_VALUE_FOR_XLSX,10/21/2024,-13.0,NULL,NULL,NULL,NULL,NULL,NULL,NULL,NULL,NULL,NULL,Dispatched,NULL,Order to Dispatch_Final - 31 Dec-24_normalized1.xlsx,209
87,07/22/2024,08/21/2024,BalaKrishna,Recoil Kits,7.62mm SLR,2,3585,�ION 2425 002�,WO/2024-2025/025,07/23/2024,07/24/2024,1.0,07/25/2024,07/26/2024,1.0,26-07-2024_DATE_VALUE_AS_DOUBLE_VALUE_FOR_XLSX,07/26/2024,0.0,27-07-2024_DATE_VALUE_AS_DOUBLE_VALUE_FOR_XLSX,08/01/2024,4.0,29-07-2024_DATE_VALUE_AS_DOUBLE_VALUE_FOR_XLSX,08/02/2024,4.0,09/20/2024,10/10/2024,17.0,10/30/2024,10/18/2024,-12.0,02-11-2024_DATE_VALUE_AS_DOUBLE_VALUE_FOR_XLSX,10/19/2024,-14.0,03-11-2024_DATE_VALUE_AS_DOUBLE_VALUE_FOR_XLSX,10/21/2024,-13.0,NULL,NULL,NULL,NULL,NULL,NULL,NULL,NULL,NULL,NULL,Dispatched,NULL,Order to Dispatch_Final - 31 Dec-24_normalized1.xlsx,210
88,07/22/2024,08/21/2024,BalaKrishna,Recoil Kits,5.56 mm Insas Rifle,2,3585,�ION 2425 002�,WO/2024-2025/025,07/23/2024,07/24/2024,1.0,07/25/2024,07/26/2024,1.0,26-07-2024_DATE_VALUE_AS_DOUBLE_VALUE_FOR_XLSX,07/26/2024,0.0,27-07-2024_DATE_VALUE_AS_DOUBLE_VALUE_FOR_XLSX,08/01/2024,4.0,29-07-2024_DATE_VALUE_AS_DOUBLE_VALUE_FOR_XLSX,08/02/2024,4.0,09/20/2024,10/10/2024,17.0,10/30/2024,10/18/2024,-12.0,02-11-2024_DATE_VALUE_AS_DOUBLE_VALUE_FOR_XLSX,10/19/2024,-14.0,03-11-2024_DATE_VALUE_AS_DOUBLE_VALUE_FOR_XLSX,10/21/2024,-13.0,NULL,NULL,NULL,NULL,NULL,NULL,NULL,NULL,NULL,NULL,Dispatched,NULL,Order to Dispatch_Final - 31 Dec-24_normalized1.xlsx,211
89,07/22/2024,08/21/2024,BalaKrishna,Recoil Kits,AK 47,2,3585,�ION 2425 002�,WO/2024-2025/025,07/23/2024,07/24/2024,1.0,07/25/2024,07/26/2024,1.0,26-07-2024_DATE_VALUE_AS_DOUBLE_VALUE_FOR_XLSX,07/26/2024,0.0,27-07-2024_DATE_VALUE_AS_DOUBLE_VALUE_FOR_XLSX,08/01/2024,4.0,29-07-2024_DATE_VALUE_AS_DOUBLE_VALUE_FOR_XLSX,08/02/2024,4.0,09/20/2024,10/10/2024,17.0,10/30/2024,10/18/2024,-12.0,02-11-2024_DATE_VALUE_AS_DOUBLE_VALUE_FOR_XLSX,10/19/2024,-14.0,03-11-2024_DATE_VALUE_AS_DOUBLE_VALUE_FOR_XLSX,10/21/2024,-13.0,NULL,NULL,NULL,NULL,NULL,NULL,NULL,NULL,NULL,NULL,Dispatched,NULL,Order to Dispatch_Final - 31 Dec-24_normalized1.xlsx,212
90,07/22/2024,08/21/2024,BalaKrishna,Recoil Kits,Glock Pistol 19,1,3585,�ION 2425 002�,WO/2024-2025/025,07/23/2024,07/24/2024,1.0,07/25/2024,07/26/2024,1.0,26-07-2024_DATE_VALUE_AS_DOUBLE_VALUE_FOR_XLSX,07/26/2024,0.0,27-07-2024_DATE_VALUE_AS_DOUBLE_VALUE_FOR_XLSX,08/01/2024,4.0,29-07-2024_DATE_VALUE_AS_DOUBLE_VALUE_FOR_XLSX,08/02/2024,4.0,09/20/2024,10/10/2024,17.0,10/30/2024,10/18/2024,-12.0,02-11-2024_DATE_VALUE_AS_DOUBLE_VALUE_FOR_XLSX,10/19/2024,-14.0,03-11-2024_DATE_VALUE_AS_DOUBLE_VALUE_FOR_XLSX,10/21/2024,-13.0,NULL,NULL,NULL,NULL,NULL,NULL,NULL,NULL,NULL,NULL,Dispatched,NULL,Order to Dispatch_Final - 31 Dec-24_normalized1.xlsx,213
91,07/22/2024,08/21/2024,BalaKrishna,Recoil Kits,MP 5,1,3585,�ION 2425 002�,WO/2024-2025/025,07/23/2024,07/24/2024,1.0,07/25/2024,07/26/2024,1.0,26-07-2024_DATE_VALUE_AS_DOUBLE_VALUE_FOR_XLSX,07/26/2024,0.0,27-07-2024_DATE_VALUE_AS_DOUBLE_VALUE_FOR_XLSX,08/01/2024,4.0,29-07-2024_DATE_VALUE_AS_DOUBLE_VALUE_FOR_XLSX,08/02/2024,4.0,09/20/2024,10/10/2024,17.0,10/30/2024,10/18/2024,-12.0,02-11-2024_DATE_VALUE_AS_DOUBLE_VALUE_FOR_XLSX,10/19/2024,-14.0,03-11-2024_DATE_VALUE_AS_DOUBLE_VALUE_FOR_XLSX,10/21/2024,-13.0,NULL,NULL,NULL,NULL,NULL,NULL,NULL,NULL,NULL,NULL,Dispatched,NULL,Order to Dispatch_Final - 31 Dec-24_normalized1.xlsx,214
92,08/07/2024,11/06/2024,BalaKrishna,NULL,"DATS (Bihar Reg, Danapur)",1,5400,�ION 2425 004,WO/2024-2025/034,08/08/2024,08/08/2024,0.0,08/10/2024,08/14/2024,3.0,11-08-2024_DATE_VALUE_AS_DOUBLE_VALUE_FOR_XLSX,08/21/2024,8.0,12-08-2024_DATE_VALUE_AS_DOUBLE_VALUE_FOR_XLSX,08/25/2024,11.0,14-08-2024_DATE_VALUE_AS_DOUBLE_VALUE_FOR_XLSX,08/26/2024,10.0,09/30/2024,10/10/2024,9.0,10/28/2024,11/05/2024,7.0,31-10-2024_DATE_VALUE_AS_DOUBLE_VALUE_FOR_XLSX,11/06/2024,5.0,01-11-2024_DATE_VALUE_AS_DOUBLE_VALUE_FOR_XLSX,11/08/2024,6.0,NULL,NULL,NULL,NULL,NULL,NULL,NULL,NULL,NULL,NULL,Dispatched,NULL,Order to Dispatch_Final - 31 Dec-24_normalized1.xlsx,215
93,08/07/2024,12/05/2024,Ranjith,Sale/D,DATS (JAT Regimental),2,5352,ION 2425 005,WO/2024-2025/035,08/08/2024,08/08/2024,0.0,08/10/2024,08/14/2024,3.0,11-08-2024_DATE_VALUE_AS_DOUBLE_VALUE_FOR_XLSX,08/21/2024,8.0,12-08-2024_DATE_VALUE_AS_DOUBLE_VALUE_FOR_XLSX,08/25/2024,11.0,14-08-2024_DATE_VALUE_AS_DOUBLE_VALUE_FOR_XLSX,08/26/2024,10.0,09/30/2024,10/25/2024,22.0,10/30/2024,12/07/2024,33.0,02-11-2024_DATE_VALUE_AS_DOUBLE_VALUE_FOR_XLSX,12/08/2024,30.0,03-11-2024_DATE_VALUE_AS_DOUBLE_VALUE_FOR_XLSX,12/09/2024,30.0,NULL,NULL,NULL,NULL,NULL,NULL,NULL,NULL,NULL,NULL,Dispatched,NULL,Order to Dispatch_Final - 31 Dec-24_normalized1.xlsx,216
94,08/07/2024,12/05/2024,Ranjith,Sale/D,STS 4lane (JAT Reg),1,5347,ION 2425 006,WO/2024-2025/036,08/08/2024,08/08/2024,0.0,08/10/2024,08/14/2024,3.0,11-08-2024_DATE_VALUE_AS_DOUBLE_VALUE_FOR_XLSX,08/21/2024,8.0,12-08-2024_DATE_VALUE_AS_DOUBLE_VALUE_FOR_XLSX,09/10/2024,25.0,14-08-2024_DATE_VALUE_AS_DOUBLE_VALUE_FOR_XLSX,09/10/2024,23.0,09/30/2024,12/06/2024,58.0,10/30/2024,12/09/2024,34.0,02-11-2024_DATE_VALUE_AS_DOUBLE_VALUE_FOR_XLSX,12/10/2024,32.0,03-11-2024_DATE_VALUE_AS_DOUBLE_VALUE_FOR_XLSX,12/12/2024,33.0,NULL,NULL,NULL,NULL,NULL,NULL,NULL,NULL,NULL,NULL,Dispatched,NULL,Order to Dispatch_Final - 31 Dec-24_normalized1.xlsx,217
95,09/12/2024,12/06/2024,Ranjith,Sale/D,AweSim 4lane (Goa Shipyard),2,2785,ION 2425 007,WO/2024-2025/041,09/13/2024,09/16/2024,2.0,09/16/2024,09/24/2024,7.0,17-09-2024_DATE_VALUE_AS_DOUBLE_VALUE_FOR_XLSX,09/10/2024,-8.0,18-09-2024_DATE_VALUE_AS_DOUBLE_VALUE_FOR_XLSX,10/10/2024,19.0,20-09-2024_DATE_VALUE_AS_DOUBLE_VALUE_FOR_XLSX,10/16/2024,22.0,11/06/2024,11/30/2024,21.0,12/06/2024,NULL,NULL,09-12-2024_DATE_VALUE_AS_DOUBLE_VALUE_FOR_XLSX,NULL,NULL,10-12-2024_DATE_VALUE_AS_DOUBLE_VALUE_FOR_XLSX,NULL,NULL,NULL,NULL,NULL,NULL,NULL,NULL,NULL,NULL,NULL,NULL,Not Dispatched,NULL,Order to Dispatch_Final - 31 Dec-24_normalized1.xlsx,218
96,09/13/2024,12/11/2024,Sairam,Sale/D,STS 8Lane (15 CBS),1,5129,ION 2425 008,WO/2024-2025/046,09/16/2024,09/16/2024,0.0,09/18/2024,09/25/2024,6.0,19-09-2024_DATE_VALUE_AS_DOUBLE_VALUE_FOR_XLSX,09/04/2024,-15.0,20-09-2024_DATE_VALUE_AS_DOUBLE_VALUE_FOR_XLSX,10/15/2024,21.0,22-09-2024_DATE_VALUE_AS_DOUBLE_VALUE_FOR_XLSX,10/16/2024,20.0,10/30/2024,12/10/2024,35.0,11/30/2024,12/22/2024,18.0,03-12-2024_DATE_VALUE_AS_DOUBLE_VALUE_FOR_XLSX,12/29/2024,22.0,04-12-2024_DATE_VALUE_AS_DOUBLE_VALUE_FOR_XLSX,12/30/2024,22.0,NULL,NULL,NULL,NULL,NULL,NULL,NULL,NULL,NULL,NULL,Dispatched,NULL,Order to Dispatch_Final - 31 Dec-24_normalized1.xlsx,219
97,10/03/2024,11/12/2024,BalaKrishna,Sale/D,Shoot Edge (Bihar State Police),2,5401,ION 2425 009,WO/2024-2025/047,10/04/2024,10/08/2024,3.0,10/09/2024,10/09/2024,0.0,10-10-2024_DATE_VALUE_AS_DOUBLE_VALUE_FOR_XLSX,10/16/2024,5.0,11-10-2024_DATE_VALUE_AS_DOUBLE_VALUE_FOR_XLSX,10/29/2024,15.0,13-10-2024_DATE_VALUE_AS_DOUBLE_VALUE_FOR_XLSX,11/05/2024,19.0,11/30/2024,NULL,NULL,12/30/2024,12/21/2024,-9.0,02-01-2025_DATE_VALUE_AS_DOUBLE_VALUE_FOR_XLSX,12/22/2024,-11.0,03-01-2025_DATE_VALUE_AS_DOUBLE_VALUE_FOR_XLSX,NULL,NULL,NULL,NULL,NULL,NULL,NULL,NULL,NULL,NULL,NULL,NULL,Not Dispatched,NULL,Order to Dispatch_Final - 31 Dec-24_normalized1.xlsx,220
98,09/30/2024,03/06/2025,BalaKrishna,Sale/D,DATS (LadakScouts),1,5530,ION 2425 010,WO/2024-2025/048,10/01/2024,10/08/2024,6.0,10/04/2024,10/11/2024,6.0,05-10-2024_DATE_VALUE_AS_DOUBLE_VALUE_FOR_XLSX,10/16/2024,9.0,06-10-2024_DATE_VALUE_AS_DOUBLE_VALUE_FOR_XLSX,10/28/2024,18.0,08-10-2024_DATE_VALUE_AS_DOUBLE_VALUE_FOR_XLSX,11/06/2024,25.0,11/30/2024,12/16/2024,13.0,12/30/2024,NULL,NULL,02-01-2025_DATE_VALUE_AS_DOUBLE_VALUE_FOR_XLSX,12/20/2024,-13.0,03-01-2025_DATE_VALUE_AS_DOUBLE_VALUE_FOR_XLSX,12/23/2024,-12.0,NULL,NULL,NULL,NULL,NULL,NULL,NULL,NULL,NULL,NULL,Dispatched,NULL,Order to Dispatch_Final - 31 Dec-24_normalized1.xlsx,221
99,10/03/2024,11/17/2024,BalaKrishna,NULL,"DATS (Shillong, Assam)",2,5362,ION 2425 011,WO/2024-2025/049,10/04/2024,10/08/2024,3.0,10/09/2024,10/11/2024,2.0,10-10-2024_DATE_VALUE_AS_DOUBLE_VALUE_FOR_XLSX,10/16/2024,5.0,11-10-2024_DATE_VALUE_AS_DOUBLE_VALUE_FOR_XLSX,10/28/2024,14.0,13-10-2024_DATE_VALUE_AS_DOUBLE_VALUE_FOR_XLSX,11/06/2024,20.0,10/30/2024,10/25/2024,-6.0,10/30/2024,11/14/2024,13.0,02-11-2024_DATE_VALUE_AS_DOUBLE_VALUE_FOR_XLSX,11/16/2024,12.0,03-11-2024_DATE_VALUE_AS_DOUBLE_VALUE_FOR_XLSX,11/18/2024,12.0,NULL,NULL,NULL,NULL,NULL,NULL,NULL,NULL,NULL,NULL,Dispatched,NULL,Order to Dispatch_Final - 31 Dec-24_normalized1.xlsx,222
100,10/22/2024,04/28/2025,Ranjith,Sale/D,"ShootHouse (JAT Reg, Berellily)",1,4969,NULL,WO/2024-2025/126,10/23/2024,10/24/2024,1.0,10/28/2024,12/27/2024,52.0,29-10-2024_DATE_VALUE_AS_DOUBLE_VALUE_FOR_XLSX,12/28/2024,52.0,30-10-2024_DATE_VALUE_AS_DOUBLE_VALUE_FOR_XLSX,NULL,NULL,01-11-2024_DATE_VALUE_AS_DOUBLE_VALUE_FOR_XLSX,NULL,NULL,12/20/2024,NULL,NULL,01/20/2025,NULL,NULL,23-01-2025_DATE_VALUE_AS_DOUBLE_VALUE_FOR_XLSX,NULL,NULL,24-01-2025_DATE_VALUE_AS_DOUBLE_VALUE_FOR_XLSX,NULL,NULL,NULL,NULL,NULL,NULL,NULL,NULL,NULL,NULL,NULL,NULL,Not Dispatched,NULL,Order to Dispatch_Final - 31 Dec-24_normalized1.xlsx,223
101,10/22/2024,04/28/2025,Ranjith,Sale/D,ShootEdge,1,4969,NULL,WO/2024-2025/126,10/23/2024,10/24/2024,1.0,10/28/2024,12/27/2024,52.0,29-10-2024_DATE_VALUE_AS_DOUBLE_VALUE_FOR_XLSX,12/28/2024,52.0,30-10-2024_DATE_VALUE_AS_DOUBLE_VALUE_FOR_XLSX,NULL,NULL,01-11-2024_DATE_VALUE_AS_DOUBLE_VALUE_FOR_XLSX,NULL,NULL,12/20/2024,NULL,NULL,01/20/2025,NULL,NULL,23-01-2025_DATE_VALUE_AS_DOUBLE_VALUE_FOR_XLSX,NULL,NULL,24-01-2025_DATE_VALUE_AS_DOUBLE_VALUE_FOR_XLSX,NULL,NULL,NULL,NULL,NULL,NULL,NULL,NULL,NULL,NULL,NULL,NULL,Not Dispatched,NULL,Order to Dispatch_Final - 31 Dec-24_normalized1.xlsx,224
103,10/22/2024,04/28/2025,Ranjith,Sale/D, MFTS,1,4969,NULL,WO/2024-2025/126,10/23/2024,10/24/2024,1.0,10/28/2024,12/17/2024,43.0,29-10-2024_DATE_VALUE_AS_DOUBLE_VALUE_FOR_XLSX,12/28/2024,52.0,30-10-2024_DATE_VALUE_AS_DOUBLE_VALUE_FOR_XLSX,NULL,NULL,01-11-2024_DATE_VALUE_AS_DOUBLE_VALUE_FOR_XLSX,NULL,NULL,12/20/2024,NULL,NULL,01/20/2025,NULL,NULL,23-01-2025_DATE_VALUE_AS_DOUBLE_VALUE_FOR_XLSX,NULL,NULL,24-01-2025_DATE_VALUE_AS_DOUBLE_VALUE_FOR_XLSX,NULL,NULL,NULL,NULL,NULL,NULL,NULL,NULL,NULL,NULL,NULL,NULL,Not Dispatched,NULL,Order to Dispatch_Final - 31 Dec-24_normalized1.xlsx,226
NULL,10/22/2024,04/28/2025,Ranjith,Sale/D,AweSim 2lane,1,NULL,NULL,WO/2024-2025/126,10/23/2024,10/24/2024,1.0,10/28/2024,12/17/2024,43.0,29-10-2024_DATE_VALUE_AS_DOUBLE_VALUE_FOR_XLSX,12/28/2024,52.0,30-10-2024_DATE_VALUE_AS_DOUBLE_VALUE_FOR_XLSX,NULL,NULL,01-11-2024_DATE_VALUE_AS_DOUBLE_VALUE_FOR_XLSX,NULL,NULL,12/20/2024,NULL,NULL,01/20/2025,NULL,NULL,23-01-2025_DATE_VALUE_AS_DOUBLE_VALUE_FOR_XLSX,NULL,NULL,24-01-2025_DATE_VALUE_AS_DOUBLE_VALUE_FOR_XLSX,NULL,NULL,NULL,NULL,NULL,NULL,NULL,NULL,NULL,NULL,NULL,NULL,Not Dispatched,NULL,Order to Dispatch_Final - 31 Dec-24_normalized1.xlsx,227
104,10/22/2024,02/19/2025,Sairam,Sale/D,AweSim 6lane(Haryana Police),1,4566,ION 2425 012,WO/2024-2025/106,10/23/2024,10/24/2024,1.0,10/28/2024,11/06/2024,8.0,29-10-2024_DATE_VALUE_AS_DOUBLE_VALUE_FOR_XLSX,11/08/2024,9.0,30-10-2024_DATE_VALUE_AS_DOUBLE_VALUE_FOR_XLSX,12/21/2024,45.0,01-11-2024_DATE_VALUE_AS_DOUBLE_VALUE_FOR_XLSX,11/23/2024,19.0,12/20/2024,01/15/2024,-294.0,01/20/2025,NULL,NULL,23-01-2025_DATE_VALUE_AS_DOUBLE_VALUE_FOR_XLSX,NULL,NULL,24-01-2025_DATE_VALUE_AS_DOUBLE_VALUE_FOR_XLSX,NULL,NULL,NULL,NULL,NULL,NULL,NULL,NULL,NULL,NULL,NULL,NULL,Not Dispatched,NULL,Order to Dispatch_Final - 31 Dec-24_normalized1.xlsx,228
105,NULL,NULL,Sairam,Sale/D,CTSR (7011 EME ),NULL,NULL,NULL,WO/2024-2025/111,NULL,NULL,NULL,NULL,NULL,NULL,NULL,NULL,NULL,NULL,NULL,NULL,NULL,NULL,NULL,NULL,11/12/2024,NULL,NULL,12/06/2024,NULL,NULL,12/08/2024,NULL,NULL,12/09/2024,NULL,NULL,NULL,NULL,NULL,NULL,NULL,NULL,NULL,NULL,NULL,Dispatched,NULL,Order to Dispatch_Final - 31 Dec-24_normalized1.xlsx,229
106,08/23/2024,12/05/2024,Sairam,Sale/D,AweSim 4lane (Indian Army 15 CBS)),1,5153,ION 2425 013,WO/2024-2025/112,08/26/2024,08/27/2024,1.0,08/28/2024,09/26/2024,25.0,29-08-2024_DATE_VALUE_AS_DOUBLE_VALUE_FOR_XLSX,11/18/2024,69.0,30-08-2024_DATE_VALUE_AS_DOUBLE_VALUE_FOR_XLSX,11/29/2024,78.0,01-09-2024_DATE_VALUE_AS_DOUBLE_VALUE_FOR_XLSX,11/29/2024,76.0,10/25/2024,11/30/2024,31.0,11/30/2024,12/18/2024,15.0,03-12-2024_DATE_VALUE_AS_DOUBLE_VALUE_FOR_XLSX,12/21/2024,16.0,04-12-2024_DATE_VALUE_AS_DOUBLE_VALUE_FOR_XLSX,12/23/2024,16.0,NULL,NULL,NULL,NULL,NULL,NULL,NULL,NULL,NULL,NULL,Dispatched,NULL,Order to Dispatch_Final - 31 Dec-24_normalized1.xlsx,230
107,11/25/2024,05/24/2025,BalaKrishna,Sale/D,"IGLA ( Gopalpur, Indian Army)",1,NULL,NULL,WO/2024-2025/133,11/26/2024,11/27/2024,1.0,28-11-2024_DATE_VALUE_AS_DOUBLE_VALUE_FOR_XLSX,12/27/2024,25.0,29-11-2024_DATE_VALUE_AS_DOUBLE_VALUE_FOR_XLSX,12/28/2024,25.0,30-11-2024_DATE_VALUE_AS_DOUBLE_VALUE_FOR_XLSX,NULL,NULL,02-12-2024_DATE_VALUE_AS_DOUBLE_VALUE_FOR_XLSX,NULL,NULL,20-02-2025_DATE_VALUE_AS_DOUBLE_VALUE_FOR_XLSX,NULL,NULL,22-03-2025_DATE_VALUE_AS_DOUBLE_VALUE_FOR_XLSX,NULL,NULL,25-03-2025_DATE_VALUE_AS_DOUBLE_VALUE_FOR_XLSX,NULL,NULL,26-03-2025_DATE_VALUE_AS_DOUBLE_VALUE_FOR_XLSX,NULL,NULL,NULL,NULL,NULL,NULL,NULL,NULL,NULL,NULL,NULL,NULL,Not Dispatched,NULL,Order to Dispatch_Final - 31 Dec-24_normalized1.xlsx,231
108,11/22/2024,01/06/2025,Ranjith,Sale/D,DATS (Sikh LI Fatehgarh),2,NULL,NULL,WO/2024-2025/124,11/25/2024,11/27/2024,2.0,27-11-2024_DATE_VALUE_AS_DOUBLE_VALUE_FOR_XLSX,12/10/2024,11.0,28-11-2024_DATE_VALUE_AS_DOUBLE_VALUE_FOR_XLSX,12/12/2024,12.0,29-11-2024_DATE_VALUE_AS_DOUBLE_VALUE_FOR_XLSX,12/20/2024,18.0,01-12-2024_DATE_VALUE_AS_DOUBLE_VALUE_FOR_XLSX,12/20/2024,16.0,31-12-2024_DATE_VALUE_AS_DOUBLE_VALUE_FOR_XLSX,NULL,NULL,30-01-2025_DATE_VALUE_AS_DOUBLE_VALUE_FOR_XLSX,NULL,NULL,01-02-2025_DATE_VALUE_AS_DOUBLE_VALUE_FOR_XLSX,NULL,NULL,02-02-2025_DATE_VALUE_AS_DOUBLE_VALUE_FOR_XLSX,NULL,NULL,NULL,NULL,NULL,NULL,NULL,NULL,NULL,NULL,NULL,NULL,Not Dispatched,NULL,Order to Dispatch_Final - 31 Dec-24_normalized1.xlsx,232
109,12/09/2024,03/03/2025,Sairam,Sale/D,AweSim 4Lane (Punjab Police),1,NULL,NULL,NULL,12/10/2024,12/12/2024,2.0,12/12/2024,12/17/2024,4.0,12/13/2024,NULL,NULL,12/14/2024,NULL,NULL,16-12-2024_DATE_VALUE_AS_DOUBLE_VALUE_FOR_XLSX,NULL,NULL,30-01-2025_DATE_VALUE_AS_DOUBLE_VALUE_FOR_XLSX,NULL,NULL,01-03-2025_DATE_VALUE_AS_DOUBLE_VALUE_FOR_XLSX,NULL,NULL,04-03-2025_DATE_VALUE_AS_DOUBLE_VALUE_FOR_XLSX,NULL,NULL,03/06/2025,NULL,NULL,NULL,NULL,NULL,NULL,NULL,NULL,NULL,NULL,NULL,NULL,Not Dispatched,NULL,Order to Dispatch_Final - 31 Dec-24_normalized1.xlsx,233
110,12/11/2024,02/18/2025,Sairam,Sale/D,81 mm Mortar (12 Dogra),1,NULL,NULL,WO/2024-2025/127,12/12/2024,12/12/2024,0.0,12/16/2024,12/19/2024,3.0,12/17/2024,12/20/2024,3.0,12/18/2024,NULL,NULL,12/20/2024,NULL,NULL,19-01-2025_DATE_VALUE_AS_DOUBLE_VALUE_FOR_XLSX,NULL,NULL,18-02-2025_DATE_VALUE_AS_DOUBLE_VALUE_FOR_XLSX,NULL,NULL,20-02-2025_DATE_VALUE_AS_DOUBLE_VALUE_FOR_XLSX,NULL,NULL,21-02-2025_DATE_VALUE_AS_DOUBLE_VALUE_FOR_XLSX,NULL,NULL,NULL,NULL,NULL,NULL,NULL,NULL,NULL,NULL,NULL,NULL,Not Dispatched,NULL,Order to Dispatch_Final - 31 Dec-24_normalized1.xlsx,234
111,12/07/2024,04/06/2025,Ranjith,Sale/D,DATS (GRRC Lansdowne),2,NULL,NULL,WO/2024-2025/125,12/09/2024,12/12/2024,3.0,12/11/2024,12/16/2024,4.0,12/12/2024,12/18/2024,5.0,12/19/2024,12/23/2024,3.0,21-12-2024_DATE_VALUE_AS_DOUBLE_VALUE_FOR_XLSX,12/23/2024,1.0,20-01-2025_DATE_VALUE_AS_DOUBLE_VALUE_FOR_XLSX,NULL,NULL,19-02-2025_DATE_VALUE_AS_DOUBLE_VALUE_FOR_XLSX,NULL,NULL,21-02-2025_DATE_VALUE_AS_DOUBLE_VALUE_FOR_XLSX,NULL,NULL,22-02-2025_DATE_VALUE_AS_DOUBLE_VALUE_FOR_XLSX,NULL,NULL,NULL,NULL,NULL,NULL,NULL,NULL,NULL,NULL,NULL,NULL,Not Dispatched,NULL,Order to Dispatch_Final - 31 Dec-24_normalized1.xlsx,235
112,12/11/2024,03/11/2025,Ranjith,Sale/D,MFTS 10Lanes (Grey Hounds),1,NULL,NULL,NULL,12/12/2024,12/23/2024,9.0,12/16/2024,NULL,NULL,12/17/2024,NULL,NULL,12/18/2024,NULL,NULL,12/20/2024,NULL,NULL,18-02-2025_DATE_VALUE_AS_DOUBLE_VALUE_FOR_XLSX,NULL,NULL,20-03-2025_DATE_VALUE_AS_DOUBLE_VALUE_FOR_XLSX,NULL,NULL,22-03-2025_DATE_VALUE_AS_DOUBLE_VALUE_FOR_XLSX,NULL,NULL,23-03-2025_DATE_VALUE_AS_DOUBLE_VALUE_FOR_XLSX,NULL,NULL,NULL,NULL,NULL,NULL,NULL,NULL,NULL,NULL,NULL,NULL,Not Dispatched,NULL,Order to Dispatch_Final - 31 Dec-24_normalized1.xlsx,236
113,12/11/2024,03/11/2025,Ranjith,Sale/D,STS 10Lanes (Grey Hounds),1,NULL,NULL,WO/2024-2025/134,12/12/2024,12/23/2024,9.0,12/16/2024,12/27/2024,10.0,12/17/2024,12/28/2024,10.0,12/18/2024,NULL,NULL,12/20/2024,NULL,NULL,20-03-2025_DATE_VALUE_AS_DOUBLE_VALUE_FOR_XLSX,NULL,NULL,19-04-2025_DATE_VALUE_AS_DOUBLE_VALUE_FOR_XLSX,NULL,NULL,21-04-2025_DATE_VALUE_AS_DOUBLE_VALUE_FOR_XLSX,NULL,NULL,22-04-2025_DATE_VALUE_AS_DOUBLE_VALUE_FOR_XLSX,NULL,NULL,NULL,NULL,NULL,NULL,NULL,NULL,NULL,NULL,NULL,NULL,Not Dispatched,NULL,Order to Dispatch_Final - 31 Dec-24_normalized1.xlsx,237
114,12/18/2024,03/18/2025,BalaKrishna,Sale/D,"HE36 (Bihar Reg, Danapur)",1,NULL,NULL,WO/2024-2025/132,12/19/2024,12/23/2024,3.0,21-12-2024_DATE_VALUE_AS_DOUBLE_VALUE_FOR_XLSX,12/27/2024,5.0,23-12-2024_DATE_VALUE_AS_DOUBLE_VALUE_FOR_XLSX,12/28/2024,5.0,24-12-2024_DATE_VALUE_AS_DOUBLE_VALUE_FOR_XLSX,12/27/2024,3.0,26-12-2024_DATE_VALUE_AS_DOUBLE_VALUE_FOR_XLSX,12/28/2024,2.0,24-02-2025_DATE_VALUE_AS_DOUBLE_VALUE_FOR_XLSX,NULL,NULL,26-03-2025_DATE_VALUE_AS_DOUBLE_VALUE_FOR_XLSX,NULL,NULL,28-03-2025_DATE_VALUE_AS_DOUBLE_VALUE_FOR_XLSX,NULL,NULL,29-03-2025_DATE_VALUE_AS_DOUBLE_VALUE_FOR_XLSX,NULL,NULL,NULL,NULL,NULL,NULL,NULL,NULL,NULL,NULL,NULL,NULL,Not Dispatched,NULL,Order to Dispatch_Final - 31 Dec-24_normalized1.xlsx,238
115,12/19/2024,06/17/2025,Ranjith,Sale/D,"STS 6Lanes (INS Drona,Cochi)",1,NULL,NULL,WO/2024-2025/135,12/20/2024,12/23/2024,2.0,23-12-2024_DATE_VALUE_AS_DOUBLE_VALUE_FOR_XLSX,12/27/2024,4.0,24-12-2024_DATE_VALUE_AS_DOUBLE_VALUE_FOR_XLSX,12/28/2024,4.0,26-12-2024_DATE_VALUE_AS_DOUBLE_VALUE_FOR_XLSX,NULL,NULL,28-12-2024_DATE_VALUE_AS_DOUBLE_VALUE_FOR_XLSX,NULL,NULL,28-03-2025_DATE_VALUE_AS_DOUBLE_VALUE_FOR_XLSX,NULL,NULL,27-04-2025_DATE_VALUE_AS_DOUBLE_VALUE_FOR_XLSX,NULL,NULL,29-04-2025_DATE_VALUE_AS_DOUBLE_VALUE_FOR_XLSX,NULL,NULL,30-04-2025_DATE_VALUE_AS_DOUBLE_VALUE_FOR_XLSX,NULL,NULL,NULL,NULL,NULL,NULL,NULL,NULL,NULL,NULL,NULL,NULL,Not Dispatched,NULL,Order to Dispatch_Final - 31 Dec-24_normalized1.xlsx,239
116,12/20/2024,06/18/2025,Sairam,Sale/D,CISR (Ladak Scouts),1,NULL,NULL,NULL,12/23/2024,NULL,NULL,25-12-2024_DATE_VALUE_AS_DOUBLE_VALUE_FOR_XLSX,NULL,NULL,26-12-2024_DATE_VALUE_AS_DOUBLE_VALUE_FOR_XLSX,NULL,NULL,27-12-2024_DATE_VALUE_AS_DOUBLE_VALUE_FOR_XLSX,NULL,NULL,30-12-2024_DATE_VALUE_AS_DOUBLE_VALUE_FOR_XLSX,NULL,NULL,13-02-2025_DATE_VALUE_AS_DOUBLE_VALUE_FOR_XLSX,NULL,NULL,15-03-2025_DATE_VALUE_AS_DOUBLE_VALUE_FOR_XLSX,NULL,NULL,17-03-2025_DATE_VALUE_AS_DOUBLE_VALUE_FOR_XLSX,NULL,NULL,18-03-2025_DATE_VALUE_AS_DOUBLE_VALUE_FOR_XLSX,NULL,NULL,NULL,NULL,NULL,NULL,NULL,NULL,NULL,NULL,NULL,NULL,Not Dispatched,NULL,Order to Dispatch_Final - 31 Dec-24_normalized1.xlsx,240
117,12/24/2024,06/22/2025,Sairam,Sale/D,CTSR (323 Medium Reg Centre),1,NULL,NULL,NULL,12/26/2024,12/31/2024,4.0,30-12-2024_DATE_VALUE_AS_DOUBLE_VALUE_FOR_XLSX,NULL,NULL,31-12-2024_DATE_VALUE_AS_DOUBLE_VALUE_FOR_XLSX,NULL,NULL,01-01-2025_DATE_VALUE_AS_DOUBLE_VALUE_FOR_XLSX,NULL,NULL,03-01-2025_DATE_VALUE_AS_DOUBLE_VALUE_FOR_XLSX,NULL,NULL,03-05-2025_DATE_VALUE_AS_DOUBLE_VALUE_FOR_XLSX,NULL,NULL,02-06-2025_DATE_VALUE_AS_DOUBLE_VALUE_FOR_XLSX,NULL,NULL,04-06-2025_DATE_VALUE_AS_DOUBLE_VALUE_FOR_XLSX,NULL,NULL,05-06-2025_DATE_VALUE_AS_DOUBLE_VALUE_FOR_XLSX,NULL,NULL,NULL,NULL,NULL,NULL,NULL,NULL,NULL,NULL,NULL,NULL,Not Dispatched,NULL,Order to Dispatch_Final - 31 Dec-24_normalized1.xlsx,241
118,12/30/2024,04/27/2025,Sairam,Sale/D,DATS,2,NULL,NULL,NULL,12/31/2024,12/31/2024,0.0,02-01-2025_DATE_VALUE_AS_DOUBLE_VALUE_FOR_XLSX,NULL,NULL,03-01-2025_DATE_VALUE_AS_DOUBLE_VALUE_FOR_XLSX,NULL,NULL,04-01-2025_DATE_VALUE_AS_DOUBLE_VALUE_FOR_XLSX,NULL,NULL,06-01-2025_DATE_VALUE_AS_DOUBLE_VALUE_FOR_XLSX,NULL,NULL,05-02-2025_DATE_VALUE_AS_DOUBLE_VALUE_FOR_XLSX,NULL,NULL,07-03-2025_DATE_VALUE_AS_DOUBLE_VALUE_FOR_XLSX,NULL,NULL,09-03-2025_DATE_VALUE_AS_DOUBLE_VALUE_FOR_XLSX,NULL,NULL,10-03-2025_DATE_VALUE_AS_DOUBLE_VALUE_FOR_XLSX,NULL,NULL,NULL,NULL,NULL,NULL,NULL,NULL,NULL,NULL,NULL,NULL,Not Dispatched,NULL,Order to Dispatch_Final - 31 Dec-24_normalized1.xlsx,242
